序号,Unit,单词,真题词频,完整释义（保留红色）,标红释义,页码,词条起始页
1,1,advance,46,"n.进步；进展
vt.促进；推动
a.预先的",,1,1
2,1,advanced,14,a.先进的；（课程）高级的，高等的,先进的,1,1
3,1,agent,23,n.经纪人，代理人；因素；动力,,1,1
4,1,react,14,vi.（做出）反应；（对食物等）过敏,（做出）反应,1,1
5,1,actual,13,a.实际的，真实的,,1,1
6,1,interact,11,vi.交流；交往；互相来往,,1,1
7,1,exact,9,a.精确的；确切的,,1,1
8,1,transaction,9,n.交易，业务,,1,1
9,1,parallel,12,a.极相似的；相应的；同时发生的；平行的,极相似的；平行的,1,1
10,1,alter,34,vt./vi.（使）改变，更改，改动,,1,1
11,1,alternative,12,"n.可供选择的事物
a.另外的；可替代的",可供选择的事物,1,1
12,1,amateur,17,"n.业余爱好者；外行
a.业余的",业余爱好者；业余的,1,1
13,1,ancient,20,a.古代的；古老的,,1,1
14,1,annual,19,"a.一年一度的，每年的；全年的
n.年刊",每年的,"1,2",1
15,1,anxiety,16,n.焦虑；忧虑；渴望；担心；害怕,,2,2
16,1,anxious,14,a.焦虑的；忧虑的；渴望的；急切的；紧张的,焦虑的；渴望的,2,2
17,1,adapt,27,"vt./vi.（使）适应，（使）适合
vt.改造；改编",,2,2
18,1,automation,17,n.自动化,,2,2
19,1,abandon,11,vt.放弃；（不得已而）舍弃；抛弃（某人）,放弃,2,2
20,1,debate,34,"n.争论，辩论
vt./vi.（尤指正式）讨论",辩论；讨论,2,2
21,1,battle,12,"n.斗争；争论；战役；战斗
vt./vi.斗争",,2,2
22,1,bias,14,"n.偏见
vt.使有偏见",,2,2
23,1,combine,24,"vt./vi.（使）结合，组合，混合
vt.兼备；兼有",,2,2
24,1,biology,9,n.生理习性；生物学,,2,2
25,1,brief,14,a.短时间的；短暂的；简洁的；简单的,,2,2
26,1,cancer,36,n.癌；癌症；（社会）毒瘤,,2,2
27,1,candidate,15,n.候选人，申请人；应试者,候选人,2,2
28,1,capital,21,n.资本，资金；资方；中心；首都,,3,3
29,1,carbon,46,n.碳,,3,3
30,1,career,47,n.事业；职业；职业生涯,,3,3
31,1,carry,60,vt.携带；具有（特点、后果等）；承担（责任）,,3,3
32,1,forecast,11,"n.预测；预报
vt.预测；预报",,3,3
33,1,cautious,10,a.小心的，谨慎的，慎重的,,3,3
34,1,perceive,17,vt.意识到；察觉到；注意到；将……视为；认为,察觉到,3,3
35,1,celebrity,14,n.（尤指娱乐界的）明星，名人,,3,3
36,1,celebrate,10,"vt.歌颂；颂扬
vt./vi.庆祝；庆贺",,3,3
37,1,accelerate,9,vt./vi.（使）加速，加快,,3,3
38,1,percentage,13,n.百分比；百分率；提成,,3,3
39,1,centre,15,n.中心；中央；焦点,,3,3
40,1,central,20,a.主要的；最重要的；中央的,,3,3
41,1,concentrate,13,"vt.使……集中
n.浓缩物",,3,3
42,1,capacity,39,n.领悟能力；容量,,"3,4",3
43,1,escape,16,"vt./vi.逃脱，逃避
n.逃脱",逃脱；逃避；逃脱,4,4
44,1,participant,25,n.参与者；参加者,,4,4
45,1,capture,19,vt.吸引（注意力）；激发（想象）；占领，俘虏,,4,4
46,1,capable,14,a.有……能力的；能够……的；能力强的,,4,4
47,1,accept,47,"vt./vi.收受；接受
vt.承受；相信",,4,4
48,1,exception,16,n.例外；除外,,4,4
49,1,exceptional,21,a.例外的；特殊的；杰出的；优秀的,,4,4
50,1,certain,68,a.特定的；某个；确信；无疑,,4,4
51,1,procedure,18,n.（正常）程序，步骤，手续；手术,程序；步骤；手术,4,4
52,1,access,48,n.机会，权利；进入（权）；通道,通道,4,4
53,1,necessary,48,a.必要的；必需的；必然的；无法避免的,,4,4
54,1,necessity,19,n.必要；需要；必需品；必需的事物,必要；必需品,4,4
55,1,recession,20,n.经济衰退；经济萎缩；退后；撤回,,4,4
56,1,chart,32,"n.图表
vt.记录，跟踪（进展）",,"4,5",4
57,1,chemical,19,"a.化学反应的；化学的
n.化学品",化学的；化学品,5,5
58,1,accident,17,n.意外遭遇；不测事件；事故；意外,,5,5
59,1,casual,9,a.不经意的；随便的；非正式的；碰巧的,不经意的；随便的,5,5
60,1,decide,63,vt./vi.决定，决断；裁决；判决,,5,5
61,1,suicide,10,n.自杀；自毁，自取灭亡的行为,,5,5
62,1,council,10,"n.委员会；理事会
a.地方政府出租的",,5,5
63,1,citizen,26,n.公民；市民；居民,,5,5
64,1,cite,23,vt.举出（示例）；列举；引用；援引；传讯；传唤,列举；引用,5,5
65,1,exciting,9,a.令人激动的；使人兴奋的,,5,5
66,1,civil,8,a.民用的；公民的；国民的；客气的,,5,5
67,1,civilization,18,n.文明；人类文明的生活,,5,5
68,1,declare,10,vt.宣布；宣告；宣称；表明；申报,,5,5
69,1,classical,14,a.古典的；经典的；传统的,,5,5
70,1,classify,12,vt.将……分类；将……归类；界定；划分,,"5,6",5
71,1,client,11,n.委托人；客户；顾客,,6,6
72,1,decline,53,"n.减少，衰落
vt./vi.谢绝",减少；衰落,6,6
73,1,conclusion,16,n.结论；推论；结束；结尾,,6,6
74,1,conclude,29,"vt.断定；得出结论
vt./vi.（使）结束",,6,6
75,1,contrary,13,a.相反的；相对的,,6,6
76,1,corporation,27,n.大公司；大企业,大公司,6,6
77,1,account,70,n.账户；描述；解释；账目,,6,6
78,1,encounter,10,"n.邂逅，冲突
vt.遇到",遇到,6,6
79,1,discover,48,vt.（出乎意料地）发现，找到；（第一个）发现,,6,6
80,1,discovery,36,n.被发现的事物（或真相、人）；发现,,6,6
81,1,recovery,9,n.复苏；改善；恢复；痊愈,复苏；恢复,6,6
82,1,decrease,22,"vt./vi.（使大小、数量等）减少，降低
n.减少；降低",,6,6
83,1,creative,32,"a.创造（性）的；创作的
n.搞创作的人",创造（性）的,6,6
84,1,creature,8,n.生物；动物；（具有某种特征的）人,,"6,7",6
85,1,criminal,14,"a.犯罪的；犯法的；刑法的；刑事的
n.罪犯",犯罪的；罪犯,7,7
86,2,critic,25,n.批评家；评论家；批评者；挑剔的人,批评家；评论家,7,7
87,2,criticize,19,"vt./vi.批判；指责
vt.评论",评论,7,7
88,2,critical,34,a.极重要的；关键的；批评的；有判断力的,批评的,7,7
89,2,criticism,29,n.批评；批判；指责；评论文章，评论,,7,7
90,2,crucial,18,a.至关重要的；关键性的,,7,7
91,2,crude,14,"a.未加提炼的；粗糙的；粗俗的
n.石油",粗糙的,7,7
92,2,cultivate,9,vt.培养；养成；培育；种植；获得（支持）,培养,7,7
93,2,cure,24,"n.药；疗法；措施，对策
vt.治好；消除",,7,7
94,2,security,41,n.保安措施；保障；安全；保安部门,安全,7,7
95,2,accuracy,10,n.准确性；精准度；准确，正确,,7,7
96,2,occur,36,vi.发生；出现,发生；出现,7,7
97,2,current,46,"a.现时的，当前的，现行的
n.水流，气流",当前的；水流,7,7
98,2,core,15,"a.最重要的；主要的
n.（问题的）核心",,8,8
99,2,discuss,20,vt.讨论；谈论；详述；论述,,8,8
100,2,custom,8,"n.风俗；（个人的）习惯
a.定做的",,8,8
101,2,cycle,13,n.周期；循环；自行车,周期；循环,8,8
102,2,debt,24,n.债务；借款；负债情况,,8,8
103,2,decade,72,n.十年；十年期,,8,8
104,2,damage,33,"n.破损，损害，损伤
vt.损害；破坏",,8,8
105,2,democratic,14,a.民主精神的；民主作风的；民主党的,,8,8
106,2,democracy,9,n.民主制度；民主政体；民主；民主国家,民主制度；民主,8,8
107,2,epidemic,13,n.流行病，传染病；（坏事迅速的）泛滥，蔓延,流行病,8,8
108,2,indicate,28,vt.表明，显示；象征；暗示；指出；指示,表明；指出,8,8
109,2,discipline,22,n.纪律，训练；学科，科目；行为准则,纪律；训练；学科,8,8
110,2,condition,73,n.条件，健康状况；状态,,8,8
111,2,diverse,9,a.不同的；多种多样的,,8,8
112,2,individual,85,"a.单独的；个别的；一个人的
n.个人",单独的；一个人的；个人,9,9
113,2,domestic,14,a.国内的；本国的；家用的；家庭的；家务的,国内的；家用的；家庭的,9,9
114,2,dominate,13,"vt./vi.主宰，控制
vt.俯视；高耸于",,9,9
115,2,dominant,13,a.占支配地位的；显著的；（基因）显性的,占支配地位的,9,9
116,2,introduce,44,vt.首次引入；推行；介绍，引见；使开始；创始,,9,9
117,2,introduction,9,n.采用；推行；引言；介绍,,9,9
118,2,conduct,38,"vt.进行；执行；引导；带领
n.行为，举止；实施办法",引导；行为；实施办法,9,9
119,2,productive,16,a.生产的；多产的；富有成效的,生产的；多产的；富有成效的,9,9
120,2,productivity,38,n.生产力；生产率,,9,9
121,2,reduction,18,n.减少；降低,减少,9,9
122,2,endure,8,"vt.忍受；忍耐
vi.持续；持久",忍受；忍耐；持久,9,9
123,2,dynamic,11,"a.动态的；充满活力的
n.动态",动态的；动态,9,9
124,2,economics,13,n.经济学；经济情况；经济意义,,9,9
125,2,electricity,30,n.电；电力,,9,9
126,2,electrical,10,a.电的；用电的,,10,10
127,2,electronic,26,a.电子的；使用电子设备的；由电子设备产生的,,10,10
128,2,equality,10,n.平等；均等,,10,10
129,2,adequate,9,a.足够的；合格的,,10,10
130,2,estimate,24,"n.估算，估计；判断；评价
vt.估价；估算",估计；估价,10,10
131,2,ethic,17,n.伦理学；道德准则,伦理学；道德准则,10,10
132,2,inevitable,20,a.不可避免的；必然（发生）的,,10,10
133,2,extreme,16,"a.极度的；极大的；极端的；严重的
n.极端",极端的,10,10
134,2,surface,15,"n.表面；表层；外表；外观
vi.显露",,10,10
135,2,defence,8,n.防御物；防御能力；辩护,,10,10
136,2,differ,20,vi.相异；有区别；不同于；意见相左,相异；有区别,10,10
137,2,difference,59,n.差别；差异；不同（之处）；变化（之处）,,10,10
138,2,conference,13,n.会议，研讨会,,10,10
139,2,reference,14,n.参考；查询；提到；涉及；推荐人,参考；查询,10,10
140,2,transfer,14,"n.转移；调动
vt./vi.（使）转移，搬迁",转移；转移,11,11
141,2,infer,54,vt.推断；推理,,11,11
142,2,preference,17,n.偏好，偏爱,偏爱,11,11
143,2,suffer,30,"vt.遭受；蒙受
vi.受苦，受折磨",,11,11
144,2,professional,58,a.职业的；专业的；娴熟的；训练有素的,职业的；专业的,11,11
145,2,confidence,20,n.自信心；信心；信任；肯定；秘密,信心；信任,11,11
146,2,fierce,9,a.猛烈的；激烈的；凶狠的；凶猛的,激烈的,11,11
147,2,file,11,"vt./vi.送交（备案）
vt.锉平
n.文件",,11,11
148,2,financial,65,a.财政的；财务的；金融的,,11,11
149,2,confine,10,vt.限制；限定；监禁；使离不开,限制,11,11
150,2,define,51,vt.明确；界定；给……下定义,界定；给……下定义,11,11
151,2,definition,21,n.定义；释义，解释,,11,11
152,2,artefact,25,n.人工制品，手工艺品,,11,11
153,2,faculty,8,n.（大学的）全体教员；院，系,,11,11
154,2,sufficient,21,a.足够的；充足的,,12,12
155,2,efficient,22,a.效率高的；有能力的,,12,12
156,2,efficiency,26,n.效率；效能,,12,12
157,2,artificial,26,a.人造的；人工的；人为的；虚假的,人造的；人工的,12,12
158,2,qualification,8,n.先决条件；资格,,12,12
159,2,benefit,87,"n.好处；益处；救济金
vi.得益于",,12,12
160,2,profitable,10,a.盈利的；有利润的；有益的；有用的,,12,12
161,2,affect,52,vt.影响；使改变；（疾病）侵袭，感染,,12,12
162,2,effective,28,a.有效的；产生预期结果的；实际的；事实上的,有效的,12,12
163,2,fiction,12,n.虚构的事；假想之物；小说,,12,12
164,2,inflation,30,n.通货膨胀；通胀率；充气,,12,12
165,2,influential,20,a.有影响力的；有权势的,,12,12
166,2,inform,19,vt.通知；告知；对……有影响；了解；熟悉,通知,12,12
167,2,formation,18,n.形成；组成；编队；队形,,12,12
168,2,transform,16,vt.转换；改造；使改变外观（或性质）；使改观,,12,12
169,2,comfort,10,"n.舒适；安慰
vt.安慰",,13,13
170,2,reinforce,10,vt.加强；增强；加固；使更结实,加强,13,13
171,2,fortune,9,n.命运；时运；财富；财产,,13,13
172,2,unfortunately,15,ad.遗憾地；不幸地,,13,13
173,2,frequent,8,"a.频繁的；经常发生的
vt.常去，常到（某处）",,13,13
174,2,confront,14,vt.勇敢地面对；正视；使面对；与……对峙,,13,13
175,2,fundamental,23,a.基本的；基础的；根本性的；根深蒂固的,,13,13
176,3,genetic,22,a.基因的；遗传的,,13,13
177,3,general,57,a.全体的；普遍的；总的；概括性的；普通的,普遍的；总的；普通的,13,13
178,3,generation,71,n.一代人，同代人；产生,,13,13
179,3,generate,25,vt.产生；引起,,13,13
180,3,govern,10,"vt.支配；影响；控制
vt./vi.管理；治理；统治",,13,13
181,3,government,151,n.政府；政体,政府,13,13
182,3,gradual,8,a.逐渐的，逐步的,,"13,14",13
183,3,progress,37,"n.进步；进展；进程
vi.进展；前进",,14,14
184,3,aggressive,12,a.有进取心的；汲汲于成功的；好斗的；挑衅的,,14,14
185,3,degree,61,n.程度；（大学）学位；（温度的）度,程度；学位；度,14,14
186,3,congress,27,n.国会，议会,国会；议会,14,14
187,3,inherent,9,a.固有的；内在的,,14,14
188,3,exhibit,9,"vt./vi.展出；展览
vt.表现（感情、品质或能力）",,14,14
189,3,exhibition,11,n.展览会；展出；展示；显示,,14,14
190,3,habitat,13,n.（动植物的）生活环境，栖息地,,14,14
191,3,historical,30,a.有关历史研究的；历史学的；（有关）历史的,,14,14
192,3,historian,22,n.历史学家；史学工作者,,14,14
193,3,identify,59,vt.确认；认出；鉴定；发现；找到,认出；发现,14,14
194,3,identity,14,n.身份；特征；特有的感觉（或信仰）,身份,14,14
195,3,imagine,26,vt./vi.想象；设想,,14,14
196,3,imagination,13,n.想象力；想象；幻想物,,14,14
197,3,imitate,8,vt.模仿；仿效；（尤指为引人发笑而）模仿,,15,15
198,3,insect,14,n.昆虫,,15,15
199,3,intelligent,14,a.有才智的；悟性强的；智能的,,15,15
200,3,intelligence,72,n.智力；才智；情报；情报人员,智力；情报；情报人员,15,15
201,3,intellectual,45,"a.智力的；脑力的
n.知识分子；脑力劳动者",智力的；知识分子,15,15
202,3,internal,13,a.内部的；体内的；内心的,内部的,15,15
203,3,interior,9,"n.内部；里面
a.内部的；室内的",,15,15
204,3,initial,9,"a.最初的；开始的
n.首字母",最初的；开始的,15,15
205,3,transition,10,"n.过渡；转变
vt./vi.（使）过渡，转变",,15,15
206,3,objective,25,"a.客观的；就事论事的
n.目标；目的",,15,15
207,3,reject,22,"vt.拒绝接受；不予考虑；拒绝接纳；不录用
n.次品；废品",拒绝接受,15,15
208,3,journalist,23,n.新闻记者；新闻工作者,,15,15
209,3,jury,24,n.陪审团,,15,15
210,3,justice,37,n.法官；公平；公正；正义；审判；法律制裁,法官；正义,"15,16",15
211,3,adjust,17,"vt.调整；调节
vt./vi.适应；习惯",调整；适应,16,16
212,3,justify,11,vt.证明……正确；对……做出解释,证明……正确,16,16
213,3,judgement,23,n.判断力；评价,,16,16
214,3,prejudice,12,"n.偏见；成见
vt.使怀有（或形成）偏见",偏见,16,16
215,3,laboratory,11,n.实验室；实验大楼,,16,16
216,3,collapse,10,n.崩溃；（突然的）倒塌,崩溃；倒塌,16,16
217,3,select,29,"vt.选择；挑选
a.优等的；精选的",挑选；优等的；精选的,16,16
218,3,selection,25,n.选择；挑选；选拔,挑选,16,16
219,3,neglect,19,"vt.忽略；忽视；不予重视
n.忽视；忽略",忽略；忽视,16,16
220,3,collection,18,n.收藏品；作品集；一群人；收集，采集,一群人,16,16
221,3,collective,14,a.集体的；共同的；总体的；全体成员的,,16,16
222,3,lecture,13,n.（通常指大学里的）讲座，讲课，演讲,,16,16
223,3,religion,15,n.宗教；宗教信仰；教派；宗派,,16,16
224,3,religious,21,a.宗教的；笃信宗教的,,"16,17",16
225,3,legitimate,13,a.合法的；法定的；正当的，合理的,,17,17
226,3,illegal,20,a.非法的，违法的,,17,17
227,3,legislation,21,n.立法；制订法律；法规；法律,立法；法规；法律,17,17
228,3,liberal,22,a.（政治经济上）自由的，开明的；人文的,自由的；人文的,17,17
229,3,license,13,"n.许可证，执照
vt.批准",许可证；执照；批准,17,17
230,3,limit,46,"n.限度；最大量，极限
vt.限制",限制,17,17
231,3,limited,44,a.有限的；有限度的；（公司）有限责任的,有限的,17,17
232,3,eliminate,21,vt.排除；清除；消灭，干掉,排除；清除,17,17
233,3,literature,14,n.文学；文学作品；（某学科的）文献，著作,,17,17
234,3,literary,17,a.文学的；适于文学作品的；从事文学研究的,,17,17
235,3,locate,14,vt.确定……的准确地点；找出……的准确位置,找出……的准确位置,17,17
236,3,location,11,n.地方；地点；位置,地点；位置,17,17
237,3,logical,8,a.符合逻辑的；按照逻辑的；必然的,符合逻辑的,17,17
238,3,reluctant,10,a.不情愿的；勉强的,,17,17
239,3,pollution,16,n.污染；弄脏；污染物；垃圾,,18,18
240,3,analyse,30,vt.分析；细察,,18,18
241,3,analysis,27,n.分析，分析结果,,18,18
242,3,permanent,11,a.永久的；长久的；终身的；固定的,,18,18
243,3,maintain,44,vt.维持；保持；维护，保养（机器、建筑物等）,维持；保持,18,18
244,3,management,41,n.经营；管理；管理部门；资方,,18,18
245,3,majority,31,n.大多数；大部分；多数票；票数,大多数；大部分,18,18
246,3,demand,92,"n.要求；（顾客的）需求
vt.强烈要求",要求,18,18
247,3,remark,13,"n.意见，评论；言论
vt./vi.评论；谈论",评论；言论；评论,18,18
248,3,remarkable,12,a.显著的；非凡的；引人注目的,显著的；非凡的,18,18
249,3,master,10,"vt.掌握；精通
n.能手；大师
a.主要的",掌握；精通；大师,18,18
250,3,mechanism,17,n.方法；机制；机械装置,,18,18
251,3,mechanical,13,a.机械驱动的；机械的；机器的,,18,18
252,3,machinery,9,n.（总称）机器，机械；机构；组织,,18,18
253,3,medical,57,a.医学的；医疗的,,19,19
254,3,immediate,18,a.（作用）直接的；急迫的；即时的；紧接的,直接的,19,19
255,3,medicine,20,n.药，药物；医学；医疗,,19,19
256,3,comment,63,"n.评论；意见；批评
vt./vi.评论",,19,19
257,3,mental,39,a.心理上的；精神上的；脑力的；智力的,,19,19
258,3,commercial,33,a.商业的；贸易的；能赚钱的；商业性的,商业的；贸易的,19,19
259,3,emerge,17,vi.显现；显露；出现，浮现；摆脱出来,,19,19
260,3,immigrant,28,n.（外来）移民；外侨,,19,19
261,3,military,14,"a.军事的
n.军人；军队",军事的,19,19
262,3,diminish,10,"vt./vi.（使）减少，（使）减小
vt.削弱，贬低",（使）减少,19,19
263,3,minimum,9,"a.最低限度的；最低的
n.最少量",最低限度的；最低的,19,19
264,3,administration,18,n.政府；管理,政府；管理,19,19
265,4,admire,10,vt.钦佩；赞赏；仰慕；欣赏；观赏,,19,19
266,4,admit,24,"vt./vi.(常指勉强)承认
vt.准许……加入",承认,"19,20",19
267,4,commit,12,"vt.犯（罪或错等）；承诺
vi.全心全意投入",犯（罪或错等）,20,20
268,4,compromise,12,"n.妥协；折中
vi.妥协，让步",,20,20
269,4,admission,17,n.准许加入，进入权；承认,准许加入；承认,20,20
270,4,dismiss,16,vt.不予考虑；摒弃；解雇；开除；驳回；不受理,不予考虑,20,20
271,4,permission,15,n.准许；许可；许可证,许可,20,20
272,4,committee,9,n.委员会,,20,20
273,4,mission,9,n.任务，使命；职责,使命,20,20
274,4,commission,31,"n.委员会
vt.正式委托",委员会；正式委托,20,20
275,4,mode,12,n.方式；方法；（设备的）模式,方式,20,20
276,4,commodity,9,n.商品,,20,20
277,4,monitor,10,"vt.监控；监督
n.监控器；监测器；显示器",,20,20
278,4,demonstrate,28,"vt.证明；表明；表现；示范
vi.示威",证明；示威,20,20
279,4,promote,43,vt.促进；推动；推销；晋升,促进；推销；晋升,20,20
280,4,motor,9,"n.汽车；发动机
a.由发动机推动的",,"20,21",20
281,4,remove,36,vt.移开；去掉；去除；使消失,移开；去掉,21,21
282,4,amount,48,n.数量；数额；金额,数量,21,21
283,4,prompt,22,"vt.促使；激起
a.迅速的；立即",促使,21,21
284,4,immune,11,a.受保护；免除；不受影响的；有免疫力的,不受影响的；有免疫力的,21,21
285,4,mysterious,9,a.（事件或状况）神秘的；（人）神秘的,神秘的,21,21
286,4,natural,73,a.自然的；天然的；正常的；天生的；天赋的,自然的；天然的,21,21
287,4,connection,25,n.联系，关联,联系,21,21
288,4,nervous,9,a.焦虑的；担忧的；神经系统的；神经方面的,,21,21
289,4,normal,26,"a.正常的；一般的
n.正常",正常的,21,21
290,4,enormous,15,a.巨大的；庞大的,,21,21
291,4,notice,41,"vt./vi.注意（到）
n.通知；通告；注意",,21,21
292,4,notion,18,n.观念；理解,观念,21,21
293,4,ignore,35,vt.忽视；对……不予理会；不予理睬,,21,21
294,4,announce,15,vt.宣布，宣告（决定、计划等）,,"21,22",21
295,4,innovation,18,n.创新；改革；新思想；新方法,创新；改革；新思想；新方法,22,22
296,4,nuclear,18,a.原子核的；核能的；核武器的,,22,22
297,4,obesity,12,n.肥胖（症）,,22,22
298,4,obscure,11,"a.无名的；费解的
vt.使费解；使模糊",,22,22
299,4,operation,23,n.经营；业务；手术；公司；运转,经营；业务；手术,22,22
300,4,operate,27,"vt./vi.（使）运转；（被）使用
vt.操作",（使）运转,22,22
301,4,operator,9,n.（企业的）经营者；运营公司；操作者,经营者,22,22
302,4,option,18,n.选择；可选择的事物；选修课,选择,22,22
303,4,adopt,18,"vt.采用；采取；正式通过
vt./vi.领养",,22,22
304,4,optimistic,18,a.乐观的；抱乐观看法的,,22,22
305,4,ordinary,20,a.普通的；平常的；平凡的；一般的,,22,22
306,4,organize,12,vt.组织；筹备；整理,组织,22,22
307,4,organization,52,n.组织；机构,组织；机构,22,22
308,4,origin,18,n.起源；源头；出身；身世,起源；出身,"22,23",22
309,4,originate,11,"vi.起源；发源
vt.创立；发明",发源；发明,23,23
310,4,impact,56,"n.巨大影响；强大作用
vt./vi.有影响，有作用",,23,23
311,4,expand,22,vt./vi.扩大，增加，增强（尺码、数量或重要性）,扩大,23,23
312,4,particular,44,a.特定的；特殊的；格外的；特别的,,23,23
313,4,partly,22,ad.一定程度上；部分地,,23,23
314,4,counterpart,12,n.职位（或作用）相当的人；对应的事物,,23,23
315,4,departure,9,n.辞职；离开；出发；出发班次；违背,离开,23,23
316,4,proportion,15,n.份额,,23,23
317,4,participate,14,vi.参加；参与,,23,23
318,4,support,99,"vt.支持；拥护；帮助；援助
n.支持；资助",支持；支持；资助,23,23
319,4,import,33,"vt.进口；引进
n.（产品、劳务的）进口",进口；进口,23,23
320,4,transport,21,"n.交通运输系统；运输工具
vt.运输；运送",运输,23,23
321,4,patient,57,"n.患者；病人
a.有耐心的",病人；有耐心的,23,23
322,4,sympathy,16,n.同情心；同情；赞同,,24,24
323,4,passion,11,n.激情；热爱；盛怒；激愤,激情,24,24
324,4,appeal,29,"n.上诉；呼吁；吸引力
vi.有吸引力",上诉；呼吁,24,24
325,4,impulse,9,n.冲动；推动力；脉冲,冲动；推动力,24,24
326,4,apparent,9,a.明显的；显而易见的；貌似的；表面上的,明显的,24,24
327,4,separate,20,"a.不同的；不相关的
vt./vi.（使）分离
vt.区分；区别",不同的,24,24
328,4,comparison,11,n.对比；相比；比较,,24,24
329,4,disappear,20,vi.消失；不见；失踪；丢失；不复存在；灭绝,,24,24
330,4,appearance,9,n.外貌；外观；出现；首次使用,外貌；出现,24,24
331,4,peculiar,10,a.特有的；特别的；奇怪的；不寻常的,特有的,24,24
332,4,expense,21,n.费用；价钱；开支,,24,24
333,4,indispensable,8,a.不可或缺的；必不可少的,不可或缺的；必不可少的,24,24
334,4,independent,19,a.独立的；公正的；私营的；自立的,独立的；私营的,24,24
335,4,independence,12,n.（国家的）独立，自主；（人的）独立,,24,24
336,4,personality,17,n.性格；个性；人格；名人,个性,"24,25",24
337,4,competition,52,n.竞争；角逐；比赛；竞赛,,25,25
338,4,emphasize,24,vt.强调；重视；使明显,,25,25
339,4,phenomenon,28,n.现象,,25,25
340,4,photograph,24,"n.照片；相片
vt.拍照；照相",,25,25
341,4,physics,9,n.物理学,,25,25
342,4,physical,41,a.客观存在的；有形的；身体的,身体的,25,25
343,4,replace,33,vt.取代；代替；（用……）替换；更换；更新,取代,25,25
344,4,complaint,13,n.抱怨；投诉；疾病,抱怨,25,25
345,5,planet,24,n.行星；地球（尤指环境）,,25,25
346,5,explanation,21,n.解释；理由；说明性文字,,25,25
347,5,plant,68,"n.植物；工厂；发电厂
vt.种植；使固定",,25,25
348,5,plastic,38,"a.塑料制的；可塑的；做作的
n.塑料",塑料,25,25
349,5,multiple,16,"a.多种多样的；数量多的
n.倍数",多种多样的,25,25
350,5,pleasant,8,a.令人愉快的；可喜的；宜人的；友好的；和善的,令人愉快的,26,26
351,5,explosion,11,n.爆炸，爆破；猛增；激增；爆发，迸发,,26,26
352,5,employment,40,n.就业；工作；受雇,就业；工作,26,26
353,5,apply,40,"vt./vi.申请，请求
vi.适用
vt.应用，运用",申请；应用,26,26
354,5,imply,41,vt.表明；说明；暗示；暗指,,26,26
355,5,complex,38,"a.复杂的；难懂的
n.（类型相似的）建筑群",,26,26
356,5,application,30,n.申请；申请书；应用，运用,,26,26
357,5,implication,18,n.可能的影响；暗指,,26,26
358,5,complicated,10,a.复杂的；难懂的,,26,26
359,5,political,64,a.政治的；政府的；政党的；党派的,,26,26
360,5,politics,21,n.政治；政治事务；钩心斗角；权术,,26,26
361,5,politician,13,n.从政者；政治家,,26,26
362,5,monopoly,9,n.垄断；专营服务；垄断企业,,26,26
363,5,suppose,37,"vt./vi.认为，推断，料想
vt.假设；设想",,"26,27",26
364,5,impose,25,vt.强制实行；强加；使承受（压力、痛苦等）,强制实行,27,27
365,5,expose,14,vt.使面临，使遭受；揭露；使接触,使遭受；使接触,27,27
366,5,exposure,18,n.暴露；揭露；接触，体验,接触,27,27
367,5,propose,19,"vt.提出；建议；提议；打算
vt./vi.求婚",提出；提议,27,27
368,5,proposal,12,n.提议；提案；求婚,提议,27,27
369,5,position,44,n.职位；立场；态度；位置；地位,,27,27
370,5,composition,22,n.作品；作文；构成；成分,作文,27,27
371,5,positive,28,a.积极的；正面的；积极乐观的；自信的,,27,27
372,5,opposite,14,"a.对面的；另一边的；对立的
n.对立面",,27,27
373,5,possibility,35,n.可能性；可能；机会,,27,27
374,5,possess,11,vt.拥有；有；具有（特质）,拥有,27,27
375,5,potential,47,"a.潜在的
n.潜力，可能性；潜能",潜在的；潜力；可能性,27,27
376,5,practical,22,a.实践的；切实可行的；有用的；适用的,实践的；切实可行的,27,27
377,5,appreciate,12,vt.欣赏；重视；感激；感谢；意识到；领会,欣赏；感谢,27,27
378,5,praise,9,"vt.赞扬；称赞
n.称赞；赞美",,28,28
379,5,comprehension,64,n.理解练习；理解（力）,,28,28
380,5,comprehensive,10,a.全面的；详尽的,,28,28
381,5,expression,29,n.表达；表示；表露；表情；神色,,28,28
382,5,principle,37,n.原则；原理；道德原则，行为准则,原则；道德原则,28,28
383,5,primary,21,a.主要的；基本的；最初的；小学教育的,主要的,28,28
384,5,prior,12,a.先前的；在前的；优先的；占先的,,28,28
385,5,priority,19,n.优先事项；首要事情；优先；优先权,,28,28
386,5,private,34,a.私立的；民营的；私人的；私有的；私密的,私人的；私有的,28,28
387,5,privacy,31,n.隐私；独处；清静,,28,28
388,5,privilege,14,"n.特殊待遇
vt.特别优待",,28,28
389,5,deprive,10,vt.剥夺；使不能享有,,28,28
390,5,approach,61,"n.（待人接物或思考问题的）方式
vt.对付",,28,28
391,5,appropriate,36,"a.适当的；合适的；恰当的
vt.盗用；挪用",,28,28
392,5,proper,17,a.恰当的；合适的，适当的；正确的；像样的,适当的；正确的,29,29
393,5,property,20,n.财产；财物；房地产；特性,财产,29,29
394,5,approval,14,n.批准，通过，认可；赞成；同意,批准；赞成,29,29
395,5,psychology,14,n.心理学；心理特征,心理学,29,29
396,5,publication,27,n.出版；发行；发表；刊物；出版物,出版；发表；出版物,29,29
397,5,quantity,10,n.数量；数目；大量；大批,数量；大量,29,29
398,5,quarter,9,n.四分之一；季度；季；某个团体，某位人士,,29,29
399,5,require,98,vt.需要；有赖于；（法律或规则）要求；规定,,29,29
400,5,requirement,37,n.必要条件；需要（要求）的事物,,29,29
401,5,request,17,"n.请求，要求
vt.要求，请求",,29,29
402,5,acquire,23,vt.获得；购得；学到，获得,获得；购得,29,29
403,5,enquiry,9,n.探究；探索；询问；调查,,29,29
404,5,acquisition,13,n.收购；（知识、技能等的）获得，习得,,29,29
405,5,quit,10,"vt./vi.辞去，放弃；停止；戒掉
vt.离开",,29,29
406,5,radical,13,a.彻底的；根本的；激进的；前卫的,彻底的；根本的；激进的,"29,30",29
407,5,range,28,"n.范围；一系列；类；种
vi.变化",,30,30
408,5,arrange,10,"vt./vi.安排；筹备
vt.整理；排列",,30,30
409,5,reasonable,23,a.合理的；明智的；公道的；可以接受的,,30,30
410,5,directly,27,ad.直接地；坦率地；正；正好地；立刻,,30,30
411,5,region,21,n.地区，区域，地方,地区,30,30
412,5,regular,20,a.定期的；普通的；频繁的；常去某地的,定期的,30,30
413,5,regulate,14,vt.控制，管理；调整，调节,,30,30
414,5,regulation,35,"n.规章制度；法规；管理
a.规定的",法规；管理,30,30
415,5,render,10,vt.使变得；使处于某状态；提供；提交；翻译,,30,30
416,5,derive,9,"vt./vi.源自，源于
vt.获得，得到",,30,30
417,5,satisfy,15,vt.满足（要求，需要等）；达到（要求、标准等）,,30,30
418,5,satisfaction,11,n.满足；满意,,30,30
419,5,scale,28,n.规模；等级；秤,,30,30
420,6,scholar,15,n.学者；奖学金获得者,,31,31
421,6,conscious,17,a.刻意的；有意的；有意识的；意识到的,刻意的；意识到的,31,31
422,6,telescope,13,"n.望远镜
vt.使缩短",,31,31
423,6,description,14,n.描述；说明；类型；种类,,31,31
424,6,segment,32,"n.部分，段；（市场）细分的部分
vt.划分",,31,31
425,6,section,229,"n.界；阶层；部分；区域
vt.把……切开",部分,31,31
426,6,assemble,13,"vt./vi.集合；收集；聚集
vt.组装；装配",集合；收集；聚集,31,31
427,6,senior,23,"a.级别高的；资深的
n.毕业班学生",级别高的,31,31
428,6,present,72,"vt.展现，显示；陈述；展示；带来；引起
a.当前的
n.现在",展现,31,31
429,6,presence,22,n.存在；出现；在场；出席,存在；出现；在场；出席,31,31
430,6,represent,30,vt.象征；体现；代表；相当于；等于,代表,31,31
431,6,representative,15,"a.代议制的；有代表性的
n.销售代表；代表",代表,31,31
432,6,sensitive,24,a.敏感的；过敏的；保密的；体恤的；体贴的,敏感的；体恤的；体贴的,31,31
433,6,consequence,45,n.后果；影响；重要性,后果；影响,32,32
434,6,consequently,10,ad.因此；所以,,32,32
435,6,pursue,15,vt.追求；致力于；继续探讨；追赶,追求,32,32
436,6,pursuit,16,n.追求；寻找；追赶；事业；爱好,追求；寻找；事业；爱好,32,32
437,6,suitable,35,a.适合的，适宜的,,32,32
438,6,series,25,n.系列节目,,32,32
439,6,conservation,22,n.节约；保存；（动植物、森林等的）保护,,32,32
440,6,conservative,18,n.保守的；保守党的,,32,32
441,6,preserve,43,"vt.保护；保留；贮存
n.专门领域",,32,32
442,6,reserve,12,"vt.保留；预订
n.保护区；储备",储备,32,32
443,6,observe,31,"vt./vi.观察；监视
vt.看到；遵守；说",观察,32,32
444,6,observation,14,n.观察；观测；监视；评论；言论,观察；评论,32,32
445,6,deserve,13,vt.值得；应得；应受,,32,32
446,6,severe,18,a.十分严重的；极为恶劣的；严厉的,极为恶劣的,32,32
447,6,resident,10,"n.居民；住户
a.（在某地）居住的",,"32,33",32
448,6,considerable,13,a.相当多（或大、重要等）的,,33,33
449,6,design,58,"n.设计；布局
vt.设计；构思；制订；计划",设计；设计；构思,33,33
450,6,significant,49,a.数量相当大的；显著的；重要的，重大的,显著的；重大的,33,33
451,6,significance,16,n.重要性，意义；含义，意思,,33,33
452,6,assign,15,vt.分派，布置；分配；指派；派遣,,33,33
453,6,associate,11,"a.副的；准的
n.同事；伙伴
vt.联系；联想",副的,33,33
454,6,association,32,n.协会；交往；联系；联想,交往,33,33
455,6,resolve,11,"vt.解决
vt./vi.决心；决定
n.决心",解决,33,33
456,6,solution,35,n.解决方法；处理手段；答案；谜底,,33,33
457,6,philosophy,10,n.哲学；人生哲学；哲学体系,,33,33
458,6,philosopher,14,n.哲学家；思想家；哲人,,33,33
459,6,absorb,13,vt.吸收；吸引全部注意力；理解；掌握,,33,33
460,6,prospect,30,"n.前景；展望；可能性
vi.勘探，勘察",,33,33
461,6,perspective,15,n.（思考问题的）角度；合理判断,,34,34
462,6,suspect,13,"n.（犯罪）嫌疑人
vt./vi.疑有（尤指坏事可能属实或发生）
vt.怀疑",（犯罪）嫌疑人；怀疑,34,34
463,6,specific,38,"a.具体的；明确的
n.细节",具体的,34,34
464,6,specialist,22,n.专家；专科医生,,34,34
465,6,desperate,12,a.不顾一切的；孤注一掷的；渴望；极危险的,孤注一掷的,34,34
466,6,prosperity,13,n.繁荣；兴旺,,34,34
467,6,atmosphere,19,n.气氛；大气,气氛；大气,34,34
468,6,response,45,n.反应；响应；回答，答复,,34,34
469,6,responsible,31,a.负有责任的；对（某事物）负责的,负责的,34,34
470,6,sponsor,10,"vt.赞助；举办
n.赞助商；倡议者",赞助；赞助商,34,34
471,6,spouse,9,n.配偶,,34,34
472,6,substance,35,n.物质；东西；事实基础；根据；实质,物质；实质,34,34
473,6,instance,26,"n.例子；事例；实例
vt.以……为例",,34,34
474,6,distance,17,n.距离；间距；远处；远方,距离,"34,35",34
475,6,stable,20,a.稳定的；稳固的；稳重的；沉稳的,稳定的,35,35
476,6,establish,30,vt.制定；建立；创立；证实,建立,35,35
477,6,status,44,n.地位；身份；法律地位,,35,35
478,6,statement,38,n.声明；陈述；说法；说明；报表,声明；陈述,35,35
479,6,station,14,n.所；站；电台；电视台；车站,,35,35
480,6,consist,19,vi.由……组成；在于；存在于,由……组成；在于,35,35
481,6,assistant,15,"n.助理；助手
a.助理的；副的",,35,35
482,6,assist,9,vt./vi.帮助；协助；援助,,35,35
483,6,resistance,9,n.抵抗；反对；抵制；（风或空气的）阻力,抵制,35,35
484,6,circumstance,23,n.条件；状况；环境,,35,35
485,6,contrast,29,"n.明显的差异；对比；对照
vi.形成对比
vt.对比；对照",对比,35,35
486,6,distinction,11,n.差别，区别，不同，优秀；杰出,差别；优秀,35,35
487,6,distinguish,13,"vt./vi.区分；辨别；分清
vt.听出；认出",辨别,35,35
488,6,stimulate,9,vt.刺激；促使；激发；激励,刺激；激励,"35,36",35
489,6,constitute,12,v.组成；构成；（被认为或看作）是,,36,36
490,6,constitution,14,n.宪法；章程；身体素质；构造,,36,36
491,6,institute,16,"vt.制定（制度、规则等）
n.机构",,36,36
492,6,restore,22,vt.使恢复；修复；归还,修复,36,36
493,6,storage,10,n.贮存，贮藏；（计算机的）存储,,36,36
494,6,restrict,16,vt.限制，约束；限制，限定,限制；约束,36,36
495,6,strain,9,"n.压力
vt.拉伤",压力,36,36
496,6,persuade,9,vt.劝说；说服；使信服；使相信,劝说；说服,36,36
497,6,consume,17,vt.消费；消耗；（大火）彻底烧毁；吃；喝,消费；消耗,36,36
498,6,consumption,27,n.消费；消耗，消耗量,消费；消耗；消耗量,36,36
499,6,summarize,9,vt./vi.概括；总结；概述,概括；总结,36,36
500,6,ensure,35,vt.确保，保证,,36,36
501,6,insurance,31,n.保险；保障措施；保险费；保险业,保险；保障措施；保险费,36,36
502,6,assure,9,vt.使确信；确保,使确信,36,36
503,7,attach,15,vt.贴；附上；连接；附加（条件）,,37,37
504,7,attack,14,"n.抨击；进攻
vt./vi.袭击；攻击
vt.抨击",,37,37
505,7,contact,31,"n.接触；触摸；交往；联系
vt.联系",,37,37
506,7,contain,20,vt.包含；含有；容纳,,37,37
507,7,sustain,14,vt.保持，使持续；维持；支撑；遭受,维持；支撑,37,37
508,7,content,36,"n.（书、讲话、节目等的）主要内容
a.满意的；惬意的",,37,37
509,7,obtain,33,vt.（尤指经努力）获得，赢得,获得,37,37
510,7,retain,10,vt.保持；保留；继续拥有,,37,37
511,7,technology,149,n.技术；科技,,37,37
512,7,technical,22,a.技术的；技能的；专业的；专科的,技术的；专业的,37,37
513,7,technique,19,n.技巧；技术；技能,技巧；技术,37,37
514,7,detect,13,vt.察觉，发现,察觉；发现,37,37
515,7,temperature,16,n.温度；气温；体温,,37,37
516,7,temporary,13,a.短暂的；暂时的；临时的,暂时的；临时的,37,37
517,7,attempt,35,"n.尝试；企图
vt.试图；尝试",,38,38
518,7,tendency,13,n.趋势；趋向；倾向；偏好,,38,38
519,7,extend,27,"vt./vi.延长（期限）
vt.扩大……的范围（或影响）",,38,38
520,7,extent,15,n.程度；限度；面积,,38,38
521,7,extension,18,n.延期；延长期；扩建部分；扩大,,38,38
522,7,intense,8,a.强烈的，剧烈的；激烈的，热切的,强烈的；激烈的,38,38
523,7,determine,39,vt.决定；查明；准确算出；下决心,决定,38,38
524,7,contest,12,"n.比赛；竞赛
vt.竞争，角逐；就……提出异议",,38,38
525,7,theatre,20,n.戏院；剧场；戏剧,,38,38
526,7,theory,43,n.理论；学说,,38,38
527,7,entitle,12,vt.使享有权利；使符合资格；给……命名,使享有权利；使符合资格,38,38
528,7,tolerate,10,vt.忍受（坏的或痛苦的事物）；容忍,,38,38
529,7,tolerant,10,a.忍受的；宽容的,宽容的,38,38
530,7,tolerance,15,n.宽容；容忍；忍受；忍耐力,宽容；忍耐力,38,38
531,7,track,30,"vt.跟踪（进展情况）
vt./vi.跟踪
n.轨道",,39,39
532,7,trace,14,"vt.追溯；仔细找寻；记述
n.少许；踪迹",踪迹,39,39
533,7,trail,13,"vt.追溯；追查
n.少许；踪迹",追溯；追查,39,39
534,7,trait,12,n.特征；特性,特征；特性,39,39
535,7,attractive,15,a.（事物）有吸引力的，诱人的；（人）漂亮的,,39,39
536,7,contribute,40,"vi.做出贡献；是……的原因之一
vt./vi.捐献",是……的原因之一；捐献,39,39
537,7,contribution,20,n.贡献；促成作用；捐款,,39,39
538,7,attribute,12,"vt.把……归因于
n.特征",把……归因于,39,39
539,7,triumph,10,"n.伟大胜利；重大成就
vi.战胜",战胜,39,39
540,7,typical,17,a.典型的；平常的；特有的,,39,39
541,7,union,37,n.工会；联邦；协会；婚姻,工会；协会,39,39
542,7,unique,28,a.独特的；罕见的；独一无二的；特有的,独特的；独一无二的,39,39
543,7,urban,17,a.城市的；都市的；城镇的,城市的,39,39
544,7,urgent,18,a.紧急的；迫切的；急切的,紧急的；迫切的,"39,40",39
545,7,urge,15,"n.强烈的欲望；迫切的要求；冲动
vt.敦促",,40,40
546,7,unusual,14,a.不寻常的；罕见的；与众不同的,,40,40
547,7,valuable,28,a.有价值的，宝贵的；贵重的,有价值的；贵重的,40,40
548,7,valid,9,a.合理的；有根据的；（法律上）有效的,有根据的；有效的,40,40
549,7,available,56,a.可用的；可获得的；（人）有空的,可获得的,40,40
550,7,variety,34,n.（同一事物的）不同种类；多样化,,40,40
551,7,various,28,a.各种不同的；各种各样的,,40,40
552,7,reveal,39,vt.揭示；揭露；展现,揭示,40,40
553,7,revenue,30,n.收益；税收,,40,40
554,7,convention,15,n.习俗；常规；大会,习俗,40,40
555,7,convenient,12,a.方便的；便利的；附近的,,40,40
556,7,verbal,11,a.言语的；口头的,言语的,40,40
557,7,universe,20,n.（已知宇宙以外的）宇宙,,40,40
558,7,universal,12,a.全世界的；全体的；共同的,全世界的；全体的,40,40
559,7,version,18,n.变体；版本,,41,41
560,7,controversy,12,n.争论,,41,41
561,7,reverse,9,"vt.彻底转变；放弃（立场）
a.相反的",,41,41
562,7,invest,25,"vt./vi.投资
vt.投入（时间、精力等）",,41,41
563,7,investment,39,n.投资；（时间、精力的）投入,投资,41,41
564,7,obvious,24,a.明显的；易理解的；公认的,明显的；公认的,41,41
565,7,victim,9,n.受害者；罹难者；罹病者；牺牲品；祭品,,41,41
566,7,evidence,53,n.证据；（法庭上的）证据,,41,41
567,7,provision,14,n.（法律文件的）规定，条款,条款,41,41
568,7,visual,11,"a.视觉的
n.视觉资料",视觉的,41,41
569,7,convince,11,vt.使信服；使相信；说服,,41,41
570,7,virtue,12,n.优点；长处；美德；高尚的道德,,41,41
571,7,survival,14,n.生存；存活；残存物,残存物,41,41
572,7,vital,11,a.至关重要的；维持生命所必需的,,41,41
573,7,advocate,28,"n.提倡者；支持者
vt.提倡",,"41,42",41
574,7,voluntary,12,a.自愿的；义务性的；志愿的,,42,42
575,7,involve,63,vt.包含；需要；牵涉；使参与,包含,42,42
576,7,volume,10,n.量；额；体积；（成套书籍中的）一卷,体积,42,42
577,7,revolution,20,n.大变革；巨变；旋转；革命,大变革；革命,42,42
578,7,vulnerable,9,a.易受伤害的；脆弱的；易受攻击的,,42,42
579,7,aware,21,a.意识到的，明白的；察觉到的；有……意识的,,42,42
580,8,aircraft,14,n.飞机；航空器,,42,42
581,8,airline,19,n.航空公司,,42,42
582,8,alongside,9,prep.与……一起；在……旁边；沿着……的边,,42,42
583,8,background,24,n.出身背景；背景,,42,42
584,8,chairman,14,n.主席；董事长,,42,42
585,8,database,18,n.（储存在计算机中的）数据库,,42,42
586,8,elsewhere,18,ad.在（或去、到）别处,,42,42
587,8,feedback,9,n.反馈的意见（或信息）,,"42,43",42
588,8,furthermore,12,ad.此外；而且；再者,,43,43
589,8,highlight,18,"vt.突出；强调
n.最精彩的部分",突出；强调；最精彩的部分,43,43
590,8,household,11,n.家庭；同住一所房子的人,,43,43
591,8,meanwhile,20,ad.同时；与此同时,与此同时,43,43
592,8,moreover,23,ad.此外；而且,,43,43
593,8,newspaper,60,n.报纸；报,,43,43
594,8,outcome,21,n.结果；后果,,43,43
595,8,outline,19,"vt.概述
n.概述；梗概；轮廓线",,43,43
596,8,output,11,"n.产量，输出量
vt.输出",产量；输出量,43,43
597,8,overall,33,"a.总体的；总的；全面的
ad.总计；全部",总体的；全面的,43,43
598,8,overlook,11,vt.忽略；未注意到；不予理会；俯视,忽略,43,43
599,8,ownership,11,n.所有权；物主身份；产权,,43,43
600,8,platform,10,n.计算机平台；站台；月台；讲台；舞台,计算机平台；月台,43,43
601,8,so-called,10,a.所说的，所谓的,,"43,44",43
602,8,software,14,n.软件,,44,44
603,8,somewhat,10,ad.有点；有几分；稍微,,44,44
604,8,throughout,18,prep.各处；遍及；自始至终；贯穿整个时期,遍及,44,44
605,8,underestimate,11,"vt.低估；对……认识不足；对……估计不足
n.低估",低估；低估,44,44
606,8,undergraduate,16,n.在校本科生,,44,44
607,8,underline,61,vt.在……下画线；凸显；强调,强调,44,44
608,8,undermine,10,vt.逐渐削弱；破坏，损害,逐渐削弱,44,44
609,8,upgrade,13,"vt.使（机器、计算机系统等）升级；使升格
n.提升，升级",使；升级；升级,44,44
610,8,widespread,15,a.广泛的；普遍的,,44,44
611,8,worthwhile,9,a.有价值的,,44,44
612,9,ability,68,n.能力；才能；技能,,44,44
613,9,abroad,14,ad.在国外；到国外,,44,44
614,9,absence,9,n.缺乏；没有；缺席；不在,缺乏；不在,44,44
615,9,abuse,10,"n.虐待；滥用；辱骂；恶语
vt.滥用（以致危害健康）；虐待；伤害；辱骂",,"44,45",44
616,9,academic,34,"a.学业的，学术的；纯理论的
n.学者",,45,45
617,9,accomplish,11,vt.完成；达成,,45,45
618,9,acknowledge,12,vt.承认（属实）；确认收到；（公开）感谢,承认,45,45
619,9,activity,74,n.活动；活跃,,45,45
620,9,addition,14,n.增加物；添加物；加法；加；添加；增加,添加,45,45
621,9,address,55,"vt.设法解决；演讲
n.地址；演讲",,45,45
622,9,advantage,38,n.优势；有利条件；好处；优点,,45,45
623,9,affair,8,n.事情；公共事务,事情,45,45
624,9,afford,15,vt.买得起；承担得起（后果）；提供；给予,,45,45
625,9,afraid,10,a.害怕的；恐惧的；担心的；忧虑的,,45,45
626,9,agency,30,n.服务机构；代理机构；专门机构,,45,45
627,9,ahead,15,ad.提前；取得进步，获得成功；将来；领先,,45,45
628,9,alert,11,"vt.使意识到
a.警惕的
n.警惕；警戒",,45,45
629,9,alike,8,"ad.两者都；同样地；很相似地
a.相像",,"45,46",45
630,9,ambition,28,n.雄心；抱负；野心；追求的目标；夙愿,,46,46
631,9,ancestor,9,n.祖先；祖宗；原种,祖先；祖宗,46,46
632,9,anticipate,11,vt.预料；预期；预见；期待,,46,46
633,9,appoint,21,vt.委派；任命；确定（时间、地点）,,46,46
634,9,argument,52,n.争论；辩论；论据；理由；论点,辩论；论据,46,46
635,9,arise,23,vi.（由……）引起；出现；起床；起立,出现,46,46
636,9,arouse,9,vt.激起，引起（感情、态度）；唤醒；叫醒,激起；唤醒,46,46
637,9,aside,15,"ad.到旁边；在旁边；留；存
n.题外话",,46,46
638,9,aspect,25,n.方面；层面；（事物的）外观,,46,46
639,9,access,20,vt.评估，评定（性质、质量）；估算，估定,,46,46
640,9,asset,26,n.资产；有价值的人（或事物）,,46,46
641,9,assume,29,vt.假定；承担（责任）；取得（权力）；呈现,假定,46,46
642,9,assumption,14,n.假设；假定；（权力的）获得,,46,46
643,9,attend,18,"vt./vi.出席；参加
vt.经常去，定期去（某处）",出席；参加,"46,47",46
644,9,authority,36,n.权力，当权；权威；权威人士,权力；权威；权威人士,47,47
645,9,automatic,11,a.无意识的；不假思索的；自动的,,47,47
646,9,award,18,"n.奖；奖品；授予
vt.授予；奖励",授予,47,47
647,9,barely,12,ad.几乎不；几乎没有；勉强可能；仅仅，只有,几乎不；勉强可能,47,47
648,9,bay,10,n.湾，海湾；分隔间,,47,47
649,9,bear,9,"vt.承受；忍受；承担，负担；带有
n.熊",,47,47
650,9,behalf,10,n.代表,,47,47
651,9,behave,10,"vi.表现
vt./vi.表现得体",表现,47,47
652,9,beneath,11,"prep.在（或往）……下面
ad.在下方，到下方",,47,47
653,9,blame,22,"vt.把……归咎于
n.（坏事或错事的）责任",,47,47
654,9,blank,41,"n.空格；空白处
a.无表情的；空白的",,47,47
655,9,block,10,"vt.阻止，妨碍；堵塞；阻塞
n.大楼；大厦",,47,47
656,9,boom,13,n.（经济的）繁荣；增长；流行,繁荣,47,47
657,9,boost,30,"vt.使增长；使兴旺
n.增长；激励",,48,48
658,9,bound,11,a.一定会；要到……去的；有义务,一定会,48,48
659,9,bracket,40,n.括号，等级,,48,48
660,9,branch,12,n.（学科及语言的）分支；分行；树枝,,48,48
661,9,brand,11,"n.品牌，牌子；类型
vt.加污名于",,48,48
662,9,bright,12,a.聪明的，聪颖的；有希望的；明亮的；鲜艳的,,48,48
663,9,broad,21,a.涉及面广的；普遍的；广泛的；宽阔的,,48,48
664,9,budget,14,"n.预算
vt./vi.把……编入预算",,48,48
665,9,burden,19,"n.负担，重担
vt.使烦恼；烦扰",,48,48
666,9,butterfly,19,n.蝴蝶；蝶泳,,48,48
667,9,campaign,22,"n.运动，活动；战役
vi.发起运动",运动,48,48
668,9,cancel,10,"vt.取消；中止
vt./vi.撤销，取消",,48,48
669,9,careful,10,a.小心的；谨慎的；仔细的；周密的,,48,48
670,9,category,15,n.类别，种类,,"48,49",48
671,9,ceremony,11,n.典礼；仪式；礼仪；礼节,,49,49
672,9,chain,12,n.连锁商店；一连串（人或事）；链子,,49,49
673,9,challenge,63,"n.挑战
vt.对……怀疑（或质疑）",,49,49
674,9,chance,46,n.机会；机遇；时机；冒险；风险；偶然,,49,49
675,9,channel,16,n.途径；渠道；电视台；频道；水渠；海峡,途径；频道,49,49
676,9,character,30,n.特点；性格；角色,,49,49
677,9,characterize,15,vt.使具有特点；描述,,49,49
678,9,characteristic,24,"n.特征；特点；品质
a.特有的；典型的",,49,49
679,9,charge,24,"vt./vi.收（费）
n.指控",,49,49
680,9,check,14,"vt./vi.检查
vt.控制；抑制
n.检查",,49,49
681,9,cigarette,14,n.香烟；纸烟,,49,49
682,9,circuit,10,n.（法官的）巡回审判；电路；线路；环行,,49,49
683,9,claim,61,"vt.宣称；声称；要求
n.声明；宣称；索赔",要求；声明,49,49
684,9,colleague,28,n.同事；同僚,,50,50
685,9,column,20,n.（报刊的）专栏，栏目；圆形石柱；柱形物,专栏,50,50
686,9,command,9,"n.指令；命令
vt./vi.指挥，统率
vt.控制",指挥；控制,50,50
687,9,competitive,18,a.竞争的，竞争性的；有竞争力的,,50,50
688,9,constant,18,a.连续发生的；不断的；重复的；不变的,,50,50
689,9,context,18,n.背景；环境；语境；上下文,,50,50
690,9,continent,25,n.大陆；陆地；洲,,50,50
691,9,convey,13,vt.传达；传递；运送；传送,传达,50,50
692,9,cope,17,vi.（成功地）应付，对付；能处理,,50,50
693,9,corporate,35,a.公司的；法人的；共同的；全体的,,50,50
694,9,court,85,n.法庭，法院；宫廷；王宫；球场,,50,50
695,9,craft,10,"n.技能；职业
vt.精心制作",,50,50
696,9,crash,10,"n.（飞机的）坠毁；暴跌
vt./vi.（使）碰撞",,50,50
697,9,credit,22,n.称赞；认可；赊购；学分,,50,50
698,9,crop,18,n.庄稼；作物；收成；一批人,,51,51
699,9,curb,11,"vt.控制
n.起控制作用的事物",,51,51
700,9,danger,29,n.危险,,51,51
701,9,dangerous,17,a.危险的；不安全的,,51,51
702,9,dark,22,"a.黑暗的；邪恶的
n.（the dark）黑暗",,51,51
703,9,deal,73,n.协议；（尤指）交易；待遇,,51,51
704,10,decision,110,n.决定，抉择；决断（力）；果断,,51,51
705,10,delay,18,"n.延迟的时间；耽搁
vt./vi.推迟",耽搁,51,51
706,10,deliver,22,"vt./vi.递送；传送
vt.发表；宣布",递送；发表,51,51
707,10,delivery,10,n.传送；递送；分娩,传送；递送,51,51
708,10,dependent,10,"a.依赖的，依靠的
n.靠他人生活者",依赖的,51,51
709,10,desert,10,"n.沙漠；荒漠
vt.抛弃，遗弃，离弃",,51,51
710,10,desirable,25,a.理想的，值得拥有的；值得做的,理想的；值得拥有的,51,51
711,10,despite,38,prep.尽管；即使,,52,52
712,10,destroy,13,vt.破坏，毁掉，摧毁,,52,52
713,10,digital,75,a.数字的，数码的；数字显示的,,52,52
714,10,dioxide,25,n.二氧化物,,52,52
715,10,disorder,10,n.疾病；紊乱；杂乱；混乱；骚乱；动乱,紊乱；混乱,52,52
716,10,display,24,vt.显示，表现；展示；展览；表演,显示；展示；表演,52,52
717,10,dispute,15,"n.争论
vt.对……表示异议
vt./vi.争论",争论；争论,52,52
718,10,distant,13,a.遥远的；远距离的；久远的；远房的；远亲的,,52,52
719,10,district,11,n.地区；区域；（有正式边界的）区，行政区,,52,52
720,10,divorce,9,"n.离婚
vt./vi.(与……)离婚",离婚；离婚,52,52
721,10,double,16,"vt./vi.（使）加倍；翻倍
a.成双的；双重的",,52,52
722,10,doubt,29,"n.疑惑；不确定
vt.不能肯定；怀疑",怀疑,52,52
723,10,dozen,13,n.(一)打；十二个；许多,,52,52
724,10,draft,11,"n.草稿；草案
vt.起草；草拟",,"52,53",52
725,10,drama,9,n.戏剧艺术；戏剧；剧；戏,戏剧,53,53
726,10,dramatic,11,a.巨大的；令人吃惊的；引人注目的；戏剧的,,53,53
727,10,earn,19,"vt./vi.赚取；挣得
vt.获得（利润）；赢得；博得",,53,53
728,10,ease,15,"vt./vi.减轻；缓解
n.容易；舒适",,53,53
729,10,elite,16,"a.精英的；最优秀的
n.精英",,53,53
730,10,embrace,12,"vt.欣然接受，乐意采纳；信奉；包含
vt./vi.拥抱",欣然接受,53,53
731,10,emphasis,18,n.重视；重要性；强调,重视；强调,53,53
732,10,empty,10,a.空的；空洞的；无诚意的；空虚的；寂寥的,,53,53
733,10,endeavor,13,"n.努力，尝试
vi.努力",,53,53
734,10,engage,23,"vi.参与（活动）；与……建立密切关系
vt.雇用",与……建立密切关系,53,53
735,10,engineer,23,"n.工程师
vt.（巧妙或间接地）筹划",,53,53
736,10,engineering,10,n.工程；工程学,,53,53
737,10,enhance,24,vt.增强；提高,增强；提高,53,53
738,10,entertainment,11,n.娱乐活动；招待；款待,,54,54
739,10,enthusiasm,10,n.热情；热忱,,54,54
740,10,entire,11,a.整个的；全部的,,54,54
741,10,entrepreneur,11,n.创业者，企业家（尤指涉及财务风险的）,,54,54
742,10,equipment,11,n.设备；器材,,54,54
743,10,evolve,10,vt./vi.逐渐演变；进化；进化形成,进化,54,54
744,10,evolution,32,n.进化；演变；发展,,54,54
745,10,examine,13,vt.调查；考察；（仔细地）检查；测验（某人）,,54,54
746,10,examination,13,n.（=exam）考试；检查；调查,,54,54
747,10,excessive,19,a.过分的；过度的,,54,54
748,10,exchange,19,"n.交换；互换；交流
vt.交流；兑换",交换；交流；兑换,54,54
749,10,executive,42,"n.主管领导，管理人员
a.行政的",,54,54
750,10,exist,32,vi.存在；（尤指在困境或贫困中）生活,,54,54
751,10,existence,16,n.存在；实有；（尤指艰难或无聊的）生活,,54,54
752,10,expect,78,vt.预料，预计，预期；要求，期望；期待；盼望,,"54,55",54
753,10,expectation,23,n.期望；预期,,55,55
754,10,external,13,a.外界的；外来的；在外的,,55,55
755,10,fade,9,"vi.逐渐消逝；逐渐消失
vt./vi.（使）变淡，变暗",,55,55
756,10,fairly,15,ad.相当，颇；公正地,,55,55
757,10,fake,17,"a.假的，假装的；伪造的
vt.伪造；冒充",,55,55
758,10,feature,34,"n.特色；特征；特点
vt.以……为特色",,55,55
759,10,federal,81,a.联邦政府的,联邦政府的,55,55
760,10,finance,11,"vt.资助；给……提供资金
n.金融；财政",,55,55
761,10,finding,52,n.调查结果；研究结论；（法庭的）裁决,,55,55
762,10,former,22,a.从前的；（地位、职位）昔日的，前任的,,55,55
763,10,forth,10,ad.往前；向外，往外,,55,55
764,10,foundation,10,n.基础；根据；基金会；地基,,55,55
765,10,frame,11,n.体格，身躯；画框；构想,,55,55
766,10,fulfil,13,vt.履行；执行；符合；实现,,"55,56",55
767,10,generous,10,a.慷慨的；大方的；大量的；充足的,慷慨的；大量的,56,56
768,10,genius,10,n.天才人物；（某领域的）天才；天赋,天才；天赋,56,56
769,10,grant,31,"n.补助金，拨款
vt.授予；给予",,56,56
770,10,guarantee,18,"vt.保证；保障
n.保证；担保；保修单",保证；担保,56,56
771,10,guard,11,"vt.保护；保守
n.警卫；警戒；保卫",,56,56
772,10,guide,16,"vt.指导；影响；领导
n.指南；准则；导游",,56,56
773,10,guilt,19,n.内疚；悔恨；罪行；有罪,,56,56
774,10,guilty,10,a.犯了罪的；感到内疚的；感到惭愧的,,56,56
775,10,handle,13,"vt.处理，应付；操纵
n.把手",,56,56
776,10,highly,40,ad.极，非常；高水平地；非常赞许地,非常,56,56
777,10,humanity,18,n.人类；人性；人道；仁慈,,56,56
778,10,ideal,24,"a.完美的；理想的；最合适的
n.理想",,56,56
779,10,illustrate,21,vt.说明，阐明；给（书籍、文章等）加插图,说明,56,56
780,10,impression,11,n.印象；感想,,57,57
781,10,incentive,14,n.激励；刺激；鼓励,激励；刺激,57,57
782,10,incident,9,n.发生的事情；暴力事件,,57,57
783,10,increasingly,41,ad.不断增加地；越来越多地,,57,57
784,10,indeed,34,ad.确实；的确；（表示语气的递进）实际上,,57,57
785,10,industrial,33,a.工业的；产业的；工业高度发达的,工业的；产业的,57,57
786,10,infant,16,"n.婴儿；幼儿
a.供婴幼儿用的；初期的",婴儿；初期的,57,57
787,10,infrastructure,22,n.（国家或机构的）基础设施，基础建设,,57,57
788,10,initiative,12,n.倡议；新方案；主动性；自发性,倡议；新方案,57,57
789,10,insist,20,vt./vi.坚决要求；坚持；坚持说；固执己见,,57,57
790,11,inspire,16,vt.激励；鼓舞；使产生（感觉或情感）,,57,57
791,11,instinct,9,n.本能；直觉；天性,,57,57
792,11,institution,42,n.（大学、银行等规模大的）机构,,57,57
793,11,intend,34,vt./vi.打算；想要；计划,,57,57
794,11,intention,11,n.意图；打算,,"57,58",57
795,11,interpret,55,"vt.解释，阐释；把……理解为；领会
vi.口译",,58,58
796,11,interview,15,n.面试；记者采访；会谈,,58,58
797,11,kingdom,13,n.王国；领域；管辖范围,,58,58
798,11,landscape,25,n.（陆上，尤指乡村的）风景，景色,,58,58
799,11,leadership,11,n.领导才能；领导地位；领导层；领导班子,,58,58
800,11,leading,19,a.最重要的；一流的；（赛跑或比赛中）领先的,领先的,58,58
801,11,lean,9,"a.脂肪少的；瘦且健康的；精干的
vi.倚靠",,58,58
802,11,likewise,9,ad.同样地；类似地；也；还；而且,,58,58
803,11,link,33,"n.关系；纽带；联系；连接
vt.相关联；联系",,58,58
804,11,lobby,9,"n.游说团体；游说
vt./vi.游说",游说团体；游说,58,58
805,11,manage,31,"vt./vi.设法做成；管理
vt.合理安排，有效使用",,58,58
806,11,manager,61,n.经理；经纪人；（运动队的）主教练,,58,58
807,11,mass,31,"a.民众的；大量的
n.群众",,58,58
808,11,massive,12,a.巨大的；非常严重的；结实的；大而重的,巨大的,59,59
809,11,mere,12,a.仅仅的；只不过,仅仅的；只不过,59,59
810,11,merely,17,ad.只不过；仅仅,,59,59
811,11,minister,12,n.牧师；部长，大臣,,59,59
812,11,mostly,16,ad.主要地；通常,,59,59
813,11,motivate,10,vt.激励；成为……的动机；给出理由,激励,59,59
814,11,museum,17,a.博物馆,,59,59
815,11,negative,32,a.消极的；负面的；不良的；有害的；否定的,消极的；负面的；否定的,59,59
816,11,neighbour,9,n.邻居；邻国,,59,59
817,11,nevertheless,15,ad.尽管如此；不过,,59,59
818,11,occupation,10,n.工作；职业；侵占；占领,工作；职业；占领,59,59
819,11,odd,14,a.奇怪的；古怪的；少量的；奇数的；单数的,,59,59
820,11,offer,87,"vt.主动提出；自愿给予；提供
n.出价",提供,59,59
821,11,officer,15,n.官员；军官；警察；警官,,59,59
822,11,official,44,"n.官员；要员
a.官方的；公务的",,"59,60",59
823,11,opening,22,"n.空缺的职位
a.第一；开篇的",,60,60
824,11,opponent,10,n.对手；竞争者；反对者；阻止者,对手；反对者,60,60
825,11,opportunity,33,n.机会；时机,,60,60
826,11,oppose,13,vt.反对；抵制；阻挠；与……角逐,反对；抵制,60,60
827,11,original,35,"a.最初的；起初的；原作的；独创的
n.原稿",起初的；独创的,60,60
828,11,painting,15,n.绘画（作品）；作画；绘画,绘画,60,60
829,11,panel,16,n.专家咨询组；控制板，仪表盘,,60,60
830,11,patent,79,"n.专利权
vt.获得专利权",,60,60
831,11,patience,11,n.耐心；忍耐力；容忍,,60,60
832,11,payment,26,n.款额，款项；付款；支付,款额,60,60
833,11,peak,9,"n.顶峰；山顶
vi.达到最高值",,60,60
834,11,peer,27,"n.身份相同的人；同龄人
vi.端详",,60,60
835,11,perform,25,"vi.做；履行；执行
vt./vi.表演；演出",做；履行；执行；表演,60,60
836,11,performance,37,n.表现；业绩；运行情况；表演；演出,,61,61
837,11,permit,10,"vt.允许；准许
vt./vi.使有可能
n.许可证",允许；使有可能,61,61
838,11,physician,13,n.医师；（尤指）内科医生,,61,61
839,11,plate,21,n.板块；（金属）板材；盘子；碟子,,61,61
840,11,poetry,25,n.诗，诗歌；优雅的气质；诗意,,61,61
841,11,poll,12,"n.民意测验
vt.对……进行民意测验",,61,61
842,11,pose,13,"vt.造成；提出
vi.摆好姿势；冒充",造成,61,61
843,11,poverty,16,n.贫穷；贫困；短缺,贫穷；贫困,61,61
844,11,premium,13,"n.额外费用；保险费
a.优质的；高端的",,61,61
845,11,previous,22,a.先前的；以前的；上一个的,以前的,61,61
846,11,pride,13,n.自豪；骄傲；自尊心；尊严,,61,61
847,11,print,30,"vt./vi.打印
vt.印刷
a.印刷（媒体）的；纸媒的",,61,61
848,11,produce,95,"vt.使产生；生产；创作；制造；培养
n.（尤指）农产品",,61,61
849,11,production,56,n.生产；产量；制作,,62,62
850,11,profession,23,n.行业；职业界,,62,62
851,11,profound,9,a.深远的；巨大的；知识渊博的；艰深的,深远的,62,62
852,11,purchase,29,"n.购买；采购；购买的东西
vt.购买",购买的东西；购买,62,62
853,11,quota,11,n.配额；限额；指标；定量,限额；指标,62,62
854,11,quote,12,"vt./vi.引用
n.语录；引文；报价",,62,62
855,11,random,16,a.随机的；随意的,随机的；随意的,62,62
856,11,rare,13,a.少见的；不常发生的；珍贵的；稀罕的,,62,62
857,11,recall,17,"vt./vi.回想起；记起
vt.收回；召回",,62,62
858,11,recognize,41,vt.认出；承认；认可,认出；承认,62,62
859,11,recognition,15,n.认识；识别；认可；承认,,62,62
860,11,recommend,21,vt.建议；劝告；推荐；介绍,,62,62
861,11,recruit,13,"vt./vi.招聘；招收（新成员）
vt.动员……",,62,62
862,11,refer,29,"vi.描述；谈及；称……（为）
vt.介绍；送交",,62,62
863,11,reflect,36,"vt.反映；显示；反射
vt./vi.认真思考",反映,63,63
864,11,reform,40,"n.改革；变革
vt.改革；改进",改革；改革,63,63
865,11,refuse,26,"vt.拒绝给（所需之物）
n.废弃物；垃圾",,63,63
866,11,regard,38,"vt.看待；注视
n.关心；关注",,63,63
867,11,regardless,9,ad.不顾；不管,,63,63
868,11,register,11,"vt./vi.注册；登记
n.现金出纳机；登记表",注册；登记,63,63
869,11,regret,18,"n.懊悔；遗憾；失望
vt.后悔",懊悔；遗憾,63,63
870,11,relate,18,"vi.有关联，相联系
vt.把……联系起来；叙述",有关联；叙述,63,63
871,11,relative,9,"a.相比较而言的；相对的
n.亲戚；亲属",相对的；亲戚,63,63
872,11,release,21,vt.公布；发布；释放,公布；释放,63,63
873,11,relevant,23,a.相关的；相应的,,63,63
874,11,reliable,18,a.可靠的；真实可信的；可信赖的,可靠的；可信赖的,63,63
875,11,relief,9,n.（不快过后的）宽慰；解脱；救济,解脱,63,63
876,11,relieve,15,vt.减轻，缓解；调剂；使有趣,减轻,64,64
877,11,reputation,14,n.名誉；名声,,64,64
878,12,resource,34,n.资源；财力；资料，（教学）资源,资源；财力,64,64
879,12,respond,35,"vt./vi.回应
vi.做出反应",回应；做出反应,64,64
880,12,retail,11,"n.零售；零卖
vt.零售
vi.（以某价格）零售",,64,64
881,12,review,39,"vt.审查
n.审查；评论",审查；评论,64,64
882,12,reward,34,"n.奖励；回报
vt.奖励；酬谢",回报；奖励,64,64
883,12,rival,14,"n.对手，竞争者
vt.与……匹敌",,64,64
884,12,routine,14,"n.常规；正常顺序
a.常规的；日常的",常规,64,64
885,12,royal,24,"a.皇家的；王室的；盛大的
n.王室成员",皇家的；王室的,64,64
886,12,rural,14,a.乡村的；农村的,,64,64
887,12,sample,9,"n.（抽查的）样本；样
vt.取样",,64,64
888,12,satellite,13,n.人造卫星；卫星；卫星国,,65,65
889,12,saving,9,n.节省；节约；储蓄金；存款,,65,65
890,12,schedule,14,"n.工作计划；日程安排
vt.安排，计划",安排,65,65
891,12,score,30,n.（考试中的）分数；乐谱；比分,分数,65,65
892,12,secret,20,"n.秘密；机密
a.秘密的",秘密；秘密的,65,65
893,12,secretary,9,n.部长；大臣；秘书,,65,65
894,12,sector,22,n.（尤指一国经济的）部门，领域；区域,部门；领域,65,65
895,12,secure,34,"a.可靠的；安全的
vt.获得；保护",获得,65,65
896,12,seldom,13,ad.不常；很少；难得,,65,65
897,12,sequence,10,n.顺序；序列；次序；一系列；一连串,顺序；一系列,65,65
898,12,setting,27,n.环境；地点；设定位置,环境,65,65
899,12,settle,21,"vt./vi.解决（分歧、纠纷等）
vi.定居",,65,65
900,12,settlement,11,n.定居点；聚居地；和解，协议；解决,,65,65
901,12,shelter,9,n.避难处；收容所；遮蔽,避难处,65,65
902,12,shortage,21,n.不足；短缺；缺少,,66,66
903,12,sign,72,"n.迹象；预兆；标志
vt./vi.签（名）",,66,66
904,12,signal,32,"n.信号；迹象
vt.预示",,66,66
905,12,simple,33,a.简单的；朴素的；平凡的,,66,66
906,12,simply,53,ad.只，仅仅，不过；确实，简直,,66,66
907,12,situation,68,n.形势，环境,,66,66
908,12,skilled,11,a.有技能的，熟练的；需要特殊技能的,,66,66
909,12,sort,27,"n.种类；类别
vt.整理；把……分类",种类；类别；整理,66,66
910,12,Spark,5,"vt.引发；触发
n.火星；火花",,66,66
911,12,species,37,n.种，物种,,66,66
912,12,spirit,13,n.精神；志气；活力,,66,66
913,12,spot,27,"n.地点；场所；斑点
vt.发现；看出",,66,66
914,12,square,9,"n.正方形；平方；二次幂
a.正方形的",,66,66
915,12,staff,24,n.全体职员，员工,,"66,67",66
916,12,stage,21,n.（发展或进展的）时期，阶段；舞台,,67,67
917,12,statistics,17,n.统计数字（或资料）；统计学,,67,67
918,12,stem,9,"vt.遏止；阻止
n.（植物的）秆，茎",,67,67
919,12,stick,16,"vt./vi.粘贴；将……刺入
n.换挡杆",,67,67
920,12,stock,30,n.股票；（商店的）库存,,67,67
921,12,strategy,18,n.战略，策略,战略；策略,67,67
922,12,strength,19,n.优势；体力；意志力；实力,,67,67
923,12,strengthen,17,vt./vi.加强；增强；巩固,加强；巩固,67,67
924,12,strike,14,"n.罢工
vt./vi.（使）撞击",,67,67
925,12,substantial,12,a.大量的；大而坚固的,,67,67
926,12,subtle,11,a.微妙的；不易察觉的；巧妙的；敏锐的,微妙的；敏锐的,67,67
927,12,suit,12,"vt.满足（某人）需要
n.讼案；套装；西装",,67,67
928,12,sum,9,n.金额；款项；总和,,67,67
929,12,supply,39,"n.供应量；供应
vt.提供",供应,"67,68",67
930,12,supreme,30,a.（级别或地位）最高的；很大的，最大的,,68,68
931,12,surround,12,vt.围绕；环绕；包围,,68,68
932,12,survive,26,"vi.生存；存活；继续存在
vt.幸存",幸存,68,68
933,12,switch,19,"vt./vi.转换，转变
n.转变",转变,68,68
934,12,systematic,10,a.系统的；有条理的；有计划的,系统的,68,68
935,12,thin,9,"a.薄的；细的；瘦的
vt./vi.（使）变少",,68,68
936,12,threat,31,n.形成威胁的事物；威胁,,68,68
937,12,threaten,31,"vt.威胁到；危及；威胁
vt./vi.（坏事）可能发生",,68,68
938,12,thus,45,ad.因此,,68,68
939,12,timber,10,n.木材；木料,,68,68
940,12,tiny,10,a.极小的；微小的,,68,68
941,12,tobacco,9,n.烟草植株,,68,68
942,12,tough,22,a.严厉的；强硬的；艰难的；棘手的；坚强的,,68,68
943,12,translate,36,"vt./vi.翻译；译；（使）转变
vi.被译成",,"68,69",68
944,12,translation,49,n.翻译；译；转化；译文；译本,,69,69
945,12,trend,48,n.趋势；倾向；风尚；时尚,,69,69
946,12,trial,18,"n.审判，审理；试验，试用
vt.试用",,69,69
947,12,tunnel,9,"n.隧道；地道
vt./vi.开凿隧道",,69,69
948,12,understanding,41,"n.理解；体谅；看法
a.善解人意的",,69,69
949,12,unemployment,28,n.失业；失业人数；无业,,69,69
950,12,unexpected,12,a.想不到的，意外的，突然的,,69,69
951,12,unlike,19,"prep.与……不同
a.不同",与……不同；不同,69,69
952,12,unlikely,17,a.不太可能的；非心目中的,,69,69
953,12,vary,14,"vi.不同，有别
vt.（略做）改变",,69,69
954,12,vast,21,a.辽阔的；庞大的；大量的,,69,69
955,12,vehicle,19,n.车辆；手段，工具,车辆,69,69
956,12,virtual,11,a.虚拟的；实际上的；实质上的,,69,69
957,12,vision,13,n.想象；展望；幻象；远见卓识；视力,,70,70
958,12,vitamin,10,n.维生素,,70,70
959,12,weigh,21,vt.权衡；认真考虑；称……的重量,,70,70
960,12,weight,19,n.体重；重量；重要性；影响力；分量重,,70,70
961,12,wipe,9,"vt.擦；蹭；抹掉
n.（一次性）湿巾",,70,70
962,12,wisdom,10,n.智慧；才智；普遍看法,,70,70
963,12,witness,11,"vt.见证，经历；目击
n.目击者；证人",见证；经历；目击；目击者,70,70
964,12,wonder,31,"vt./vi.想知道；感到惊讶
n.奇迹",想知道,70,70
965,12,yield,14,"vt.产生（收益、效益等）
n.产量",产生；产量,70,70
966,13,abolish,5,vt.废除（法律、制度、习俗等）,,70,70
967,13,agenda,5,n.议事日程；（隐秘的）目的,,70,70
968,13,activate,5,vt.激活；使起作用,,70,70
969,13,alcohol,6,n.酒；含酒精饮料；酒精；乙醇,,70,70
970,13,alien,5,"n.外国人；外侨
a.陌生的；不熟悉；外国的",外国人,"70,71",70
971,13,ambitious,5,a.有抱负的；有雄心的；有野心的；宏大的,有野心的,71,71
972,13,monarch,5,n.君主；帝王,,71,71
973,13,alarm,6,"n.警报；警报器
vt.使不安",,71,71
974,13,astronomy,7,n.天文学,,71,71
975,13,disaster,7,n.灾祸；祸患；灾难；灾害,,71,71
976,13,auction,6,n.拍卖（会）,,71,71
977,13,combat,7,"vt.防止；减轻
n.战斗；搏斗",战斗,71,71
978,13,combination,5,n.联合体；混合体；结合；混合,,71,71
979,13,embody,5,vt.体现；使（思想，品质，情感）具体化；包含,体现,71,71
980,13,symbol,6,n.象征；代表；符号；记号,,71,71
981,13,bonus,6,n.奖金；红利；意外收获,奖金；红利,71,71
982,13,border,4,"n.边界，国界
vt.与……接壤",边界,71,71
983,13,calculate,4,vt.计算；核算；预测；推测,计算,71,71
984,13,camp,6,"n.阵营；度假营；营地
vi.露营；露宿",,"71,72",71
985,13,canal,5,n.运河；灌溉渠；（体内的）管道,,72,72
986,13,captive,6,a.没有选择权的，垄断的；被关起来的,,72,72
987,13,conception,4,n.概念；观念；构想；设想；怀孕,,72,72
988,13,conceive,7,"vt.构想；设想；想象
vt./vi.怀孕",,72,72
989,13,recipient,6,n.领受者，接受者,,72,72
990,13,occasion,7,n.场合；时刻；重大活动；仪式；时机,场合,72,72
991,13,cast,6,vt.把（怀疑，轻视）加于；将（视线，目光）投向,,72,72
992,13,caution,7,n.谨慎；（对危险或风险的）警告,,72,72
993,13,conceal,5,vt.隐瞒（信息）；遮住；掩盖；隐藏，隐匿,,72,72
994,13,proceed,7,vi.前往；行进；开展；开始行动,,72,72
995,13,exceed,4,vt.超过，超出,,72,72
996,13,excess,6,"a.过量的；过多的
n.超过；过度",,72,72
997,13,predecessor,6,n.前辈；前任,前辈；前任,72,72
998,13,succession,5,n.一系列；连续；继任；继承,一系列；继任,"72,73",72
999,13,precede,5,vt./vi.先于；在……之前发生（或出现）,先于,73,73
1000,13,cease,6,vt./vi.（使）停止，终止，结束,,73,73
1001,13,excel,6,vi.擅长；善于；突出,擅长,73,73
1002,13,census,6,n.人口普查；人口调查；（官方的）统计,,73,73
1003,13,charter,5,n.宪章，章程；特许状，许可证，凭照,宪章；特许状,73,73
1004,13,chemist,6,n.化学家,,73,73
1005,13,chemistry,6,n.化学；物质的化学组成（或性质）,,73,73
1006,13,chronic,6,a.长期的；慢性的；长期患病的,长期的；慢性的；长期患病的,73,73
1007,13,clarity,4,n.清晰的思维（或理解）能力；清晰,,73,73
1008,13,classification,4,n.类别；分类；归类,,73,73
1009,13,exclude,7,vt.不准……进入，不放在考虑之列,,73,73
1010,13,exclusive,5,a.排斥的；排他的；（个人或集体）专用的,专用的,73,73
1011,13,disclose,4,vt.揭露；透露；使显露；使暴露,揭露；透露；使显露,73,73
1012,13,coalition,5,n.联盟；联合政府；结盟，联合,联盟,73,73
1013,13,coast,5,n.海岸；海滨,,"73,74",73
1014,13,colony,7,n.殖民地；聚居人群,殖民地,74,74
1015,13,consultant,5,n.顾问；高级顾问医师,,74,74
1016,13,cosmic,5,a.宇宙的；外太空的；极大的,,74,74
1017,13,discourage,5,vt.阻止；劝阻；使泄气；使丧失信心,阻止,74,74
1018,13,accordingly,4,ad.相应地；照着；因此；所以,,74,74
1019,13,recover,7,vi.复原；恢复常态；恢复健康；康复,,74,74
1020,13,incredible,6,a.极好的；极大的；不能相信的；难以置信的,,74,74
1021,13,concrete,6,"a.确实的，具体的
n.混凝土
vt.用混凝土覆盖",具体的,74,74
1022,13,agriculture,6,n.农业；农学；农艺,,74,74
1023,13,occupy,6,vt.使用，占用（空间、面积、时间等）；占领,占用；占领,74,74
1024,13,accurate,7,a.（说法、描述）确切的；精确的；正确的,,74,74
1025,13,curious,7,a.稀奇古怪的；不寻常的；好奇的；求知欲强的,,74,74
1026,13,curriculum,4,n.课程,,74,74
1027,13,dense,4,a.密集的；稠密的；浓密的；浓重的；密度大的,,74,74
1028,13,density,5,n.密度；浓度,,75,75
1029,13,contradict,5,vt.相抵触；相矛盾；相反；反驳；驳斥,相矛盾；反驳；驳斥,75,75
1030,13,dictate,4,"vt.支配；影响
vt./vi.口述",支配,75,75
1031,13,dose,7,n.（药物等的）一剂；一次，一点,,75,75
1032,13,mandate,6,n.指令，命令；授权，委托,,75,75
1033,13,edition,5,n.版本；版次,,75,75
1034,13,division,6,n.分开；分配；分歧；差异,分配,75,75
1035,13,document,7,"n.文件；文献
vt.记录，记载",,75,75
1036,13,paradox,6,n.悖论；有矛盾特点的情况,,75,75
1037,13,drastic,7,a.急剧的；猛烈的；严厉的,急剧的；猛烈的；严厉的,75,75
1038,13,deduce,5,vt.推断；推论；演绎,,75,75
1039,14,reproduce,5,"vt./vi.繁殖；生育
vt.再现；再生产；复制；翻印",,75,75
1040,14,durable,6,a.耐用的；持久的,,75,75
1041,14,duration,5,n.持续时间；期间,,"75,76",75
1042,14,electric,7,a.电的；电动的,电的,76,76
1043,14,possession,4,n.具有；拥有；个人财产,拥有,76,76
1044,14,fame,6,n.名声；声誉；名气,,76,76
1045,14,welfare,5,n.（政府给予的）福利；幸福；福祉,,76,76
1046,14,fare,4,n.车费；路费；出租车乘客,,76,76
1047,14,fatal,7,a.致命的；灾难性的,,76,76
1048,14,default,7,n.默认状态；违约,违约,76,76
1049,14,favorable,7,a.有利的；有助于……的,有利的,76,76
1050,14,beneficial,7,a.有利的；有裨益的,,76,76
1051,14,magnificent,6,a.壮丽的；宏伟的；值得赞扬的,壮丽的；宏伟的,76,76
1052,14,sacrifice,6,"vt.牺牲；献出
n.牺牲；舍弃",牺牲,76,76
1053,14,satisfactory,6,a.令人满意的；够好的,,76,76
1054,14,manufacture,5,vt.（用机器）大量生产，成批制造；捏造,,76,76
1055,14,defeat,7,"vt.击败；战胜
n.失败；战败",,76,76
1056,14,facilitate,6,vt.促进；使便利,,77,77
1057,14,federation,7,n.（社团或组织的）联盟，联合会；联邦,联盟,77,77
1058,14,defend,7,"vt.捍卫，维护；为……辩护
vt./vi.保护，保卫",保卫,77,77
1059,14,manifest,6,"vt./vi.显示；显露
a.明显的",,77,77
1060,14,interference,7,n.干涉；干预；（无线电信号的）干扰,,77,77
1061,14,inference,6,n.推断的结果；结论；推理，推断,推理,77,77
1062,14,indifferent,6,a.漠不关心的；平庸的，一般的,漠不关心的,77,77
1063,14,preferable,4,a.更可取的；更合适的,更可取的,77,77
1064,14,fibre,5,n.纤维素；纤维制品,,77,77
1065,14,confident,7,a.有把握的；确信的；有信心的，自信的,自信的,77,77
1066,14,definite,7,a.明确的；确定的；明显的；清楚的；肯定的,明确的,77,77
1067,14,confirm,7,vt.确认；巩固（地位、角色或权力）,确认,77,77
1068,14,reflection,6,n.反映；显示,,77,77
1069,14,flourish,5,vi.繁荣；兴旺；长势好，茁壮成长,繁荣；茁壮成长,77,77
1070,14,fluid,4,"a.流体的；流动的；流畅优美的
n.液体",,"77,78",77
1071,14,uniform,7,"n.制服；校服
a.统一的；一律的",,78,78
1072,14,formulate,6,vt.制定；构想；确切表达,确切表达,78,78
1073,14,fossil,5,n.化石,,78,78
1074,14,fragment,5,"n.碎片；片段
vt./vi.（使）分裂",,78,78
1075,14,fraction,4,n.小部分；少量；一点儿；分数；小数,,78,78
1076,14,frequency,5,n.发生率，发生的频率；频繁；频率,,78,78
1077,14,confuse,5,vt.使迷惑；使糊涂；混淆，弄错；使更难于理解,,78,78
1078,14,confusion,4,n.混乱，困惑；混淆，错认；骚乱,,78,78
1079,14,garment,5,n.（一件）衣服,,78,78
1080,14,generator,6,n.生成程序；发电机,,78,78
1081,14,exaggerate,5,vt./vi.夸大；言过其实,,78,78
1082,14,gigantic,4,a.巨大的；庞大的,,78,78
1083,14,cognitive,7,a.认知的；认识的,,78,78
1084,14,ignorant,5,a.不了解的；无知的；愚昧的；很无礼的,无知的,78,78
1085,14,grain,6,n.谷物；谷粒；颗粒；细粒,,79,79
1086,14,grateful,4,a.表示感谢的；感激的,,79,79
1087,14,gravity,4,n.重力；地球引力；严重性,,79,79
1088,14,ingredient,5,n.因素；要素；成分；（尤指烹饪）原料,因素；要素,79,79
1089,14,progressive,6,"a.进步的；先进的；逐步的
n.改革派",进步的,79,79
1090,14,inhabit,5,vt.居住在；栖居于,,79,79
1091,14,inhabitant,4,n.居民,,79,79
1092,14,exhaust,6,"vt.耗尽；用完；使筋疲力竭
n.废气",,79,79
1093,14,coherent,7,a.（文章、观点等）连贯的，有条理的,连贯的,79,79
1094,14,adhere,4,vi.黏附；附着,附着,79,79
1095,14,heritage,5,n.遗产,,79,79
1096,14,hesitate,7,"vt./vi.迟疑不决，犹豫
vt.不愿意",,79,79
1097,14,hostile,5,a.敌对的，怀有敌意的，不友善的；强烈反对的,敌对的；怀有敌意的,79,79
1098,14,hospitality,6,n.好客；殷勤；款待,,79,79
1099,14,humble,7,a.谦逊的；虚心的；不大的；卑微的，低下的,谦逊的,80,80
1100,14,ideology,5,n.意识形态；思想体系,,80,80
1101,14,ambiguous,7,a.模棱两可的；含混不清的,,80,80
1102,14,imaginative,6,a.富于想象力的；创新的,,80,80
1103,14,inferior,6,a.较差的；次的；比不上……的；级别低的,,80,80
1104,14,integrate,6,vt./vi.（使）合并，成为一体；（使）加入,,80,80
1105,14,integrity,7,n.诚实正直；完整；完好,,80,80
1106,14,objection,7,n.反对的理由，异议,,80,80
1107,14,inject,4,vt.（给……）注射（液体）；（给……）投入（资金）,,80,80
1108,14,jet,4,"n.喷气式飞机
vi.坐飞机旅行",,80,80
1109,14,joint,4,"a.联合的；共同的
n.一大块肉；关节",,80,80
1110,14,jurisdiction,5,n.管辖权；管辖区域,,80,80
1111,15,elaborate,7,"a.精心制作的；复杂的
vt.精心制作
vt./vi.详尽阐述",精心制作；详尽阐述,80,80
1112,15,collaborate,4,vi.合作；协作,合作；协作,"80,81",80
1113,15,enlarge,4,"vt./vi.（使）增大，扩大
vt.放大（照片）",扩大；放大,81,81
1114,15,legacy,7,n.遗留问题，遗产,遗产,81,81
1115,15,elegant,6,a.漂亮雅致的；（想法或计划）巧妙的；优美的,,81,81
1116,15,dilemma,7,n.（进退两难的）困境，窘境,,81,81
1117,15,lever,5,"n.控制杆；方法，手段
vt.（用杠杆）撬动",,81,81
1118,15,liable,5,a.有责任的；易受……影响的；可能……,,81,81
1119,15,reliance,7,n.依赖；依靠；信任,,81,81
1120,15,alliance,5,n.结盟，联盟，同盟,,81,81
1121,15,liberate,5,vt.使自由，使摆脱束缚；解放,解放,81,81
1122,15,delicate,6,a.注重细节的；微妙的；棘手的；精致的,,81,81
1123,15,oblige,7,"vt.（以法律、义务等）强迫，迫使
vt./vi.帮忙",迫使,81,81
1124,15,limitation,7,n.局限；限度；限制；控制,,81,81
1125,15,literally,7,ad.字面上；按字面；确实地；真正地,,81,81
1126,15,literacy,6,n.读写能力；有文化；识字,,"81,82",81
1127,15,apology,5,n.道歉；谢罪,,82,82
1128,15,apologize,4,vi.道歉；谢罪,,82,82
1129,15,prolong,7,vt.延长；拉长；拖长,,82,82
1130,15,illusion,5,n.错觉，假象；幻想,,82,82
1131,15,luxury,4,n.奢侈品；不常有的乐趣；奢侈,奢侈品；奢侈,82,82
1132,15,margin,7,n.页边空白；白边；利润,页边空白；利润,82,82
1133,15,mechanic,4,n.技工；机械学,,82,82
1134,15,dimension,6,n.方面；部分；（空间的）维度,,82,82
1135,15,commerce,6,n.（尤指国际间的）贸易；商务；商业,,82,82
1136,15,merit,7,n.价值；优点；美德；长处,价值；优点,82,82
1137,15,prominent,6,a.重要的；杰出的；突出的；显著的,重要的；突出的,82,82
1138,15,minimize,4,vt.把……减至最小量,,82,82
1139,15,misery,6,n.苦难，困苦；痛苦；不幸,,82,82
1140,15,miserable,4,a.痛苦的；苦恼的；使难受的；令人不快的,痛苦的,82,82
1141,15,promising,6,a.有希望的；有前途的,,"82,83",82
1142,15,transmit,7,"vt./vi.传送；输送
vt.传播；传染",,83,83
1143,15,submit,7,"vt.提交，呈递（文件、建议等）
vt./vi.屈服",提交；呈递；屈服,83,83
1144,15,mixture,5,n.混合；结合体；混合物,,83,83
1145,15,moderate,7,"a.适中的；合理的；适度的；中等的；温和的
vt./vi.缓和；使适中",适度的,83,83
1146,15,modify,7,vt.稍做修改；调整；使温和；缓和,调整；缓和,83,83
1147,15,motive,7,n.动机；原因；目的,,83,83
1148,15,remote,7,a.偏远的；偏僻的；渺茫的；遥远的；久远的,偏远的；遥远的,83,83
1149,15,mount,4,"n.（Mount）山；山峰
vt.发起；组织；开展",,83,83
1150,15,multitude,5,n.大量；众多(the multitude) ；群众,,83,83
1151,15,commute,6,"n.上下班交通路程；通勤
vt./vi.上下班往返",,83,83
1152,15,mutual,5,a.相互的；彼此的；共同的；共有的,相互的；共同的,83,83
1153,15,mystery,5,n.神秘的事物；奥秘；神秘；不可思议,神秘,83,83
1154,15,renaissance,7,n.复兴；文艺复兴,,83,83
1155,15,narrative,6,"a.叙事体的；叙事的
n.讲述；叙事；故事",叙事的,"83,84",83
1156,15,navy,6,n.海军；海军部队,,84,84
1157,15,innocent,5,"a.无罪的；清白的；无冒犯之意的
n.无辜者",清白的,84,84
1158,15,nurture,4,"n.培养；养育
vt.养育；培育；滋长；助长",培养；养育；养育；培育,84,84
1159,15,nutrition,4,n.营养；滋养,,84,84
1160,15,petrol,5,n.汽油,,84,84
1161,15,adolescent,5,"a.青春期的；青少年的
n.青春期少年",,84,84
1162,15,cooperate,7,vi.合作；协作,,84,84
1163,15,opt,5,vt./vi.选择；挑选,,84,84
1164,15,orbit,4,n.（天体等运行的）轨道,,84,84
1165,15,orchestra,4,n.管弦乐队,,84,84
1166,15,organic,7,a.有机的；不使用化肥的；有机物的；器官的,有机的；有机物的；器官的,84,84
1167,15,negotiate,7,vt./vi.谈判，协商,,84,84
1168,15,accompany,5,vt.陪伴；陪同；和……一起发生（或同时存在）,陪伴,84,84
1169,15,companion,4,n.同伴，伴侣；同行者,,"84,85",84
1170,15,expansion,7,n.扩张；扩展,,85,85
1171,15,comparable,6,a.类似的；可比较的,,85,85
1172,15,comparative,6,a.比较的；相比的；相对的，比较而言的,相对的,85,85
1173,15,preparation,4,n.准备工作；准备；预备,,85,85
1174,15,apartment,7,n.公寓套房,,85,85
1175,15,depart,5,"vt./vi.离职；出发；启程
vi.偏离；违背",,85,85
1176,15,portion,5,n.部分；分担的责任；分享的部分,,85,85
1177,15,passive,7,a.被动的；消极的,,85,85
1178,15,sympathetic,4,a.同情的；有同情心的；让人喜欢的,同情的,85,85
1179,15,compel,5,vt.迫使；强迫；引起（反应）,迫使；强迫,85,85
1180,15,propel,4,vt.推动；驱动；推进；驱使；迫使,推动；驱使,85,85
1181,15,penalty,6,n.惩罚；处罚,惩罚；处罚,85,85
1182,15,compensate,7,"vi.补偿；弥补
vt.赔偿",补偿；弥补,85,85
1183,15,indispensable,7,a.不可或缺；必不可少的,,85,85
1184,15,pension,4,n.养老金；退休金；抚恤金,养老金；退休金；抚恤金,86,86
1185,15,suspend,6,vt.暂停；中止；悬挂；吊；延缓；推迟,暂停；中止；悬挂,86,86
1186,16,personnel,7,n.全体人员，职员；人事部门,全体人员；人事部门,86,86
1187,16,pessimistic,5,a.悲观的，悲观主义的,,86,86
1188,16,phase,6,n.阶段；时期,阶段；时期,86,86
1189,16,depict,5,vt.描写，描述，描绘,描述；描绘,86,86
1190,16,paint,5,"n.油漆涂层；油漆
vt./vi.（用颜料）画",,86,86
1191,16,pile,6,"n.堆；叠；摞
vi.蜂拥；拥挤
vt.摞起；堆放",,86,86
1192,16,simplify,6,vt.使简化；使简易,,86,86
1193,16,implicit,5,a.含蓄的；内含的；固有的；绝对的；无保留的,含蓄的,86,86
1194,16,implement,7,"vt.实施；执行
n.工具；器具",执行；工具,86,86
1195,16,surplus,6,"n.过剩；剩余
a.多余的；过剩的",过剩；过剩的,86,86
1196,16,appointment,5,n.任命；委任；预约；约定；职务；职位,任命,86,86
1197,16,metropolitan,5,a.大都会的；大城市的；本土的,,"86,87",86
1198,16,component,7,n.组成部分；成分；部件,组成部分；部件,87,87
1199,16,compose,6,"vt.构成，组成；撰写
vt./vi.创作（乐曲）",构成；撰写；创作,87,87
1200,16,compound,7,"n.化合物；混合物
vt.使加重；使恶化",,87,87
1201,16,comprise,5,vt.包括；包含；由……组成,,87,87
1202,16,comprehend,4,vt./vi.理解；懂,,87,87
1203,16,premier,5,n.（加拿大的）省总理，地区总理；总理,总理,87,87
1204,16,principal,7,"a.最重要的；主要的
n.校长",,87,87
1205,16,prime,7,"a.首要的；基本的
n.鼎盛时期",首要的；鼎盛时期,87,87
1206,16,primitive,6,a.原始的；落后的；发展水平低的,原始的,87,87
1207,16,impress,7,vt.使留下深刻印象；使钦佩,,87,87
1208,16,impressive,5,a.给人深刻印象的,,87,87
1209,16,suppress,7,vt.克制（感情）；抑制；镇压,抑制；镇压,87,87
1210,16,approve,5,"vt.批准，通过（计划、要求等）
vi.赞成；同意",批准；赞成,87,87
1211,16,proof,7,n.证据；证明；证实；检验,,88,88
1212,16,symptom,7,n.症状；征兆,,88,88
1213,16,republican,7,"n.共和主义者
a.共和党的；拥护共和政体的",,88,88
1214,16,pure,7,a.纯的；纯粹的；完全的；纯理论的,,88,88
1215,16,acquaintance,5,n.熟人；泛泛之交；（对某事物的）了解,熟人；了解,88,88
1216,16,qualify,7,"vt.使合格
vt./vi.配得上（某称号、名称等）",,88,88
1217,16,quest,7,"n.寻求；追求
vi.探求；探索",,88,88
1218,16,rage,6,n.暴怒；狂怒；暴力行为,,88,88
1219,16,ray,5,n.光线；射线,,88,88
1220,16,realistic,7,a.现实的；务实的；能够实现的；明智的,现实的；能够实现的,88,88
1221,16,rhythm,4,n.规律；规则变化；节奏；韵律,,88,88
1222,16,rigid,7,a.严格死板的；固执的；坚硬的；僵直的,,88,88
1223,16,ritual,7,"n.惯例；程序；宗教仪式
a.例行的",,88,88
1224,16,thrive,6,vi.蓬勃发展；茁壮成长,,88,88
1225,16,enrol,5,vt./vi.（使）加入；注册；登记,加入,89,89
1226,16,romantic,4,a.爱情的；浪漫的；富有情调的；美妙的,浪漫的,89,89
1227,16,corrupt,5,"vt.使腐化；使堕落；破坏；损坏
a.腐败的",腐败的,89,89
1228,16,interrupt,5,vt.使（过程或活动）暂时停止,,89,89
1229,16,sanction,5,n.制裁；处罚；制裁,制裁,89,89
1230,16,scenery,5,n.景色；风景；舞台布景,舞台布景,89,89
1231,16,conscience,5,n.良心；良知；内疚；愧疚,,89,89
1232,16,scope,7,"n.（学科、活动、书籍等的）范围
vt.仔细看",范围,89,89
1233,16,scrutiny,7,n.认真彻底的审查；仔细检查,,89,89
1234,16,resemble,5,vt.与……类似，与……相似；像,,89,89
1235,16,senate,5,n.参议院,,89,89
1236,16,senator,6,n.参议员,,89,89
1237,16,nonsense,5,n.谬论；胡言乱语；胡扯；冒失,谬论,89,89
1238,16,consensus,7,n.共识；一致的意见,,89,89
1239,16,sensible,4,a.明智的；合理的；意识到；认识到,明智的；合理的,"89,90",89
1240,16,sentiment,7,n.（基于情感的）观点；情绪；伤感,观点,90,90
1241,16,consent,7,"n.同意；准许；赞同
vi.同意；准许；允许",同意；准许；同意；准许,90,90
1242,16,subsequent,6,a.随后的；后来的,,90,90
1243,16,assert,7,vt.断言；坚决表明；彰显（自己）,断言,90,90
1244,16,servant,6,n.（尤指旧时的）仆人，佣人；雇员，职员,仆人,90,90
1245,16,session,5,n.（某项活动的）一段时间，一场，一节,,90,90
1246,16,obsession,4,n.痴迷，着魔,,90,90
1247,16,insight,7,n.深入了解；深刻见解；洞悉；洞察力,,90,90
1248,16,assignment,7,n.作业；任务；（任务、工作的）分配,分配,90,90
1249,16,signature,6,"n.签字，签名
a.体现个体特征的",签字,90,90
1250,16,stability,7,n.稳定（性）；稳固（性）,,90,90
1251,16,instant,7,"n.瞬间；片刻
a.立即的；速食的",,90,90
1252,16,obstacle,6,n.阻碍；障碍；绊脚石,障碍,90,90
1253,16,resist,7,vt./vi.抵制；阻挡；抵挡；忍住,,90,90
1254,16,resistant,7,a.抵制的；有抵抗力的；抗……的,有抵抗力的,91,91
1255,16,assistance,5,n.援助；帮助；支持,,91,91
1256,16,persist,5,"vt./vi.坚持；执意
vi.继续存在（发生）",,91,91
1257,16,substitute,6,"n.代替物；代替者
vt./vi.（以……）代替",,91,91
1258,16,sociable,5,a.好交际的；合群的；友好的,好交际的,91,91
1259,16,solid,7,a.固体的；坚硬的；（证据、消息等）确凿的,,91,91
1260,16,consolidate,5,vt./vi.巩固，加强；整合,,91,91
1261,16,dissolve,6,"vt.解散（组织或机构）
vt./vi.（使）溶解",（使）溶解,91,91
1262,16,absolute,7,a.绝对的；完全的；肯定的；明确的,绝对的；完全的,91,91
1263,16,sophisticated,7,a.复杂巧妙的；先进的；见多识广的；老练的,复杂巧妙的,91,91
1264,16,resort,4,"vi.采取；诉诸
n.旅游胜地；度假胜地",诉诸,91,91
1265,16,spacious,4,a.宽敞的,,91,91
1266,16,span,7,"n.持续时间
vt.跨越；横跨；持续；贯穿",,91,91
1267,16,hemisphere,6,n.（地球的）半球；（大脑的）半球,,92,92
1268,16,inspiration,4,n.灵感；鼓舞人心的人（或事物）,,92,92
1269,16,correspond,4,vi.相一致；符合；相当于；类似于；通信,相一致；通信,92,92
1270,17,spy,7,"n.间谍；密探
vi.秘密收集情报",间谍,92,92
1271,17,suspicion,7,n.怀疑；嫌疑；（对某人的）猜疑,,92,92
1272,17,suspicious,7,a.持怀疑态度的；可疑的；怀疑的,,92,92
1273,17,inspect,7,vt.检查；查看；审视；视察,,92,92
1274,17,specify,5,vt.明确规定；具体说明；详述,具体说明,92,92
1275,17,statute,4,n.法规；法令；（某机构、组织的）条例,法规；法令,92,92
1276,17,restraint,6,n.约束力；管制措施；克制；约束,克制；约束,92,92
1277,17,constrain,4,vt.限制；限定；约束,限制；约束,92,92
1278,17,string,6,n.一系列；一连串；一串；线；细绳,,92,92
1279,17,instrument,7,n.仪器；器具；乐器,仪器；乐器,92,92
1280,17,construct,7,"vt.建造；修建
n.复杂的构想（或思想）；观念",建造；观念,92,92
1281,17,instruct,7,vt.教授，指导；指示；命令,指示,93,93
1282,17,instruction,7,n.指示；命令；教学；讲授,指示,93,93
1283,17,destructive,4,a.引起破坏的；破坏性的,,93,93
1284,17,resume,4,vt./vi.重新开始；（中断后）继续,,93,93
1285,17,superior,6,"a.更强的；更好的；职位更高的
n.上司",更好的；上司,93,93
1286,17,absurd,4,a.荒谬的；荒唐的,,93,93
1287,17,tangible,5,a.实际的；有形的,,93,93
1288,17,maintenance,6,n.维持，保持；养护，保养,保养,93,93
1289,17,continuous,7,a.连续不断的；（线、表面等）连续的,,93,93
1290,17,attain,7,vt.进入，达到（某种状态或情况）；获得,,93,93
1291,17,architect,7,n.建筑师；设计师；发起者，创立者,,93,93
1292,17,architecture,7,n.建筑学；建筑风格，结构,建筑学；结构,93,93
1293,17,temper,5,"n.心情；怒气；坏脾气
vt.使缓和",使缓和,93,93
1294,17,contemporary,7,a.当代的；现代的；同一时代的；属同时期的,,93,93
1295,17,tempt,4,vt.劝诱；鼓动；引诱；诱惑,,"93,94",93
1296,17,contempt,6,n.蔑视；（对规则、危险等的）藐视,,94,94
1297,17,contend,4,"vt.声称，主张，认为
vi.争夺；竞争",,94,94
1298,17,extensive,7,a.广泛的；广博的；大量的；广阔的,广泛的；大量的；广阔的,94,94
1299,17,tension,7,n.紧张局势；紧张,,94,94
1300,17,intensity,6,n.剧烈；强烈；紧张,,94,94
1301,17,territory,4,n.领地；（知识）领域；（某类）地区,,94,94
1302,17,protest,5,"n.抗议；反对
vt./vi.（公开）反对；抗议",抗议；反对；反对；抗议,94,94
1303,17,textile,5,n.纺织品；织物,,94,94
1304,17,thesis,4,n.论题；命题；论文，学位论文,,94,94
1305,17,tone,7,n.语气；腔调；基调，格调,,94,94
1306,17,distort,6,vt.歪曲；曲解；扭曲；使变形,曲解；扭曲,94,94
1307,17,portray,6,vt.描绘；描述；扮演（某角色）；刻画；表现,描绘；描述,94,94
1308,17,retreat,6,"n.静养所；隐居地；静修期间
vi.撤退",,94,94
1309,17,extract,7,vt.拔出，取出；选取；摘录；提取；提炼,摘录,94,94
1310,17,distract,6,vt.分散（注意力）；使分心,,95,95
1311,17,abstract,4,"a.抽象的
vt.抽取；提取",抽象的,95,95
1312,17,tragedy,4,n.悲剧；悲剧作品；悲惨的事；不幸,悲剧,95,95
1313,17,distribute,7,vt.分发；分配；分销,分发；分配；分销,95,95
1314,17,intuition,5,n.直觉,,95,95
1315,17,tuition,5,n.学费；讲授；教学,学费；教学,95,95
1316,17,disturb,7,vt.打扰；妨碍；扰乱（常态）；弄乱；搅乱,妨碍；扰乱,95,95
1317,17,ultimate,7,a.终极的；最终的；最后的；最根本的,终极的；最终的,95,95
1318,17,abundant,5,a.丰富的；大量的；充足的,丰富的；大量的,95,95
1319,17,suburb,5,n.郊区；城外；城郊住宅区,,95,95
1320,17,utilize,5,vt.利用；使用；应用,,95,95
1321,17,vaccine,5,n.疫苗,,95,95
1322,17,evade,6,vt.回避；逃避（尤指法律或道德责任）；使困惑,逃避,95,95
1323,17,vague,5,a.（文字或言语）含糊的；（思想上）模糊的,,95,95
1324,17,vain,5,a.虚荣的，自负的；徒劳的；枉然的,,"95,96",95
1325,17,equivalent,7,"a.相等的
n.等价物",,96,96
1326,17,evaluate,7,vt.评价；评估,,96,96
1327,17,vanish,7,vi.不复存在；绝迹；（莫名其妙地）突然消失,,96,96
1328,17,variable,7,"n.变量
a.多变的；变化无常的；易变的",,96,96
1329,17,variation,7,n.（相似物体之间的）差异；变化,,96,96
1330,17,convenience,4,n.方便；便利；便利的事物（或设施）,,96,96
1331,17,venture,7,"n.冒险事业；风险投资
vi.冒风险（去某处）",,96,96
1332,17,verify,5,vt.核对，核实；证实，证明,核实,96,96
1333,17,convert,7,"vt.使转变；使改造
vi.转换；改造",,96,96
1334,17,advertise,5,vt./vi.（为……）做广告（宣传）,,96,96
1335,17,investigate,6,vt./vi.研究；调查；侦查,,96,96
1336,17,evident,5,a.明显的；清楚的,,96,96
1337,17,violence,5,n.暴力；暴行；狂热；激情,,96,96
1338,17,visa,7,n.（护照的）签证,,"96,97",96
1339,17,supervise,5,vt./vi.监督；指导；管理,监督；管理,97,97
1340,17,revise,7,"vt.改变，修改；修订
vt./vi.复习；温习",,97,97
1341,17,visible,7,a.明显的；能注意到的；看得见的；可见的,,97,97
1342,17,invisible,5,a.无形的；看不见的；隐形的,,97,97
1343,17,advisable,5,a.明智的；可取的,,97,97
1344,17,revive,5,vt./vi.（使）恢复；（使）复兴；（使）复苏,,97,97
1345,17,vivid,7,a.生动的；逼真的；清晰的；鲜艳的，鲜明的,生动的；逼真的,97,97
1346,17,provoke,4,vt.激起；引发；引起；激怒；挑衅；刺激,激起；激怒,97,97
1347,17,volunteer,7,"n.志愿者
vt./vi.自愿（做某事）",,97,97
1348,17,revolve,5,"vi.围绕……旋转
vt./vi.（使）旋转",旋转,97,97
1349,17,devote,6,vt.致力，倾注；把……用于,,97,97
1350,18,blueprint,7,n.（建筑、设计的）蓝图；行动方案,,97,97
1351,18,censorship,6,n.审查；审查制度,,97,97
1352,18,copyright,6,"n.乡村；农村
vt.获得……的版权",,98,98
1353,18,deadline,5,n.最后期限；截止时间,,98,98
1354,18,framework,4,n.框架；准则；结构,框架,98,98
1355,18,greenhouse,7,"a.温室的；造成温室效应的
n.温室，暖房",,98,98
1356,18,guideline,7,n.参考；指导方针,,98,98
1357,18,hardship,6,n.艰难；困苦；拮据,,98,98
1358,18,headline,6,n.（报纸的）标题，大字标题,,98,98
1359,18,lawsuit,5,n.诉讼；官司,,98,98
1360,18,mankind,6,n.人类,,98,98
1361,18,membership,6,n.成员资格；会员资格；会员人数,,98,98
1362,18,nowhere,7,ad.什么地方都不，无处,,98,98
1363,18,outlet,7,n.专营店；（强烈情感的）发泄途径,,98,98
1364,18,outlook,5,n.（对生活和世界的）观点；景色；前景,观点；前景,98,98
1365,18,overcome,7,vt.克服；解决；受到……的极大影响,克服,98,98
1366,18,overseas,6,"a.外国的；海外的
ad.在国外；在海外",外国的；海外的；在海外,"98,99",98
1367,18,overturn,4,"vt.推翻，撤销（判决等）
vt./vi.倾倒；倾覆",撤销,99,99
1368,18,safeguard,6,"vt./vi.保护；保障
n.保护措施",保护,99,99
1369,18,setback,4,n.倒退；挫折,,99,99
1370,18,somehow,7,ad.不知为什么；以某种方式（或方法）,,99,99
1371,18,somewhere,4,ad.在某处；到某处,,99,99
1372,18,straightforward,4,a.简单的；易懂的；坦诚的；坦率的,简单的；易懂的,99,99
1373,18,undergo,6,vt.经历，经受（变化、不快的事等）,,99,99
1374,18,underground,4,a.地下的；秘密的,,99,99
1375,18,underlie,4,vt.构成……的基础；作为……的原因,,99,99
1376,18,undertake,5,vt.承担；从事；负责,承担,99,99
1377,18,update,6,"vt.给……增加最新信息；更新；使现代化
n.最新消息；快讯",,99,99
1378,18,upset,7,"vt.打乱；搅乱；使生气；使烦恼
a.失望的，苦恼的",搅乱,99,99
1379,18,withdraw,9,vt.提，取（银行账户中的款）；收回,提；取,99,99
1380,19,academy,7,n.专科院校；研究院,研究院,100,100
1381,19,acceptance,6,n.接受；赞成，认可,接受；认可,100,100
1382,19,acre,7,n.英亩,,100,100
1383,19,afterwards,6,ad.以后；后来,,100,100
1384,19,algorithm,5,n.算法；计算程序,,100,100
1385,19,alive,7,a.活着；在世；激动兴奋；有活力,,100,100
1386,19,allowance,6,n.津贴；补贴；限额；定量,津贴,100,100
1387,19,alphabet,7,n.（一种语言的）字母表，全部字母,,100,100
1388,19,altogether,5,ad.（用以强调）完全；（弱化否定语气）非常,,100,100
1389,19,array,6,"n.大量；大群；大堆
vt.排列；布置",大量；排列,100,100
1390,19,automobile,7,n.汽车,,100,100
1391,19,awkward,7,a.令人尴尬的；笨拙的；不舒适的,令人尴尬的；笨拙的,100,100
1392,19,bachelor,5,n.单身汉；未婚男子；学士,,100,100
1393,19,backward,7,"a.迟钝的；向后的；朝后的；落后的
ad.倒着地",,100,100
1394,19,bargain,6,"n.减价品；协议；交易
vi.讨价还价",协议,"100,101",100
1395,19,battery,5,n.电池；一系列；一批,,101,101
1396,19,beam,6,n.（粒子的）束；光线；（建筑物的）梁,,101,101
1397,19,betray,4,vt.暴露；背弃（理想或原则）；辜负,,101,101
1398,19,bid,7,"n.努力；尝试；出价；投标
vt./vi.力求获得",出价；投标,101,101
1399,19,blow,4,"n.挫折；打击
vt./vi.刮走；吹动；吹（气）",,101,101
1400,19,bold,5,a.大胆的；轮廓清晰的，显眼的；黑体的,,101,101
1401,19,bother,7,"vt.使（某人）烦恼（或担忧、不安）
vt./vi.费心",,101,101
1402,19,breath,5,n.呼吸的空气；一次吸入的空气,,101,101
1403,19,breathe,5,"vt./vi.呼吸
vt.呼出",,101,101
1404,19,brush,4,"vt.刷，扫，拂拭；擦掉
n.灌木丛；刷子",,101,101
1405,19,cable,5,n.有线电视；电报；电缆,,101,101
1406,19,calendar,5,n.日历；日程表；重大事件日程表,,101,101
1407,19,calm,7,"a.镇静的；冷静的；风平浪静的
vt.使平静",,"101,102",101
1408,19,cater,5,"vi.满足……需要；迎合
vt./vi.承办酒席",,102,102
1409,19,chamber,6,n.（作特定用途的）房间，室；会议厅,,102,102
1410,19,chancellor,6,n.（英国）财政大臣,,102,102
1411,19,cheat,7,"vt.欺骗；蒙骗
vi.作弊，舞弊",,102,102
1412,19,cheque,6,n.支票,,102,102
1413,19,clone,6,"vt.克隆，使无性繁殖
n.极为相似的人（物）",克隆,102,102
1414,19,clue,5,n.线索,,102,102
1415,19,coach,6,"n.（体育运动的）教练
vt.指导，训练；辅导",,102,102
1416,19,comply,7,vi.遵守；服从,,102,102
1417,19,correlate,6,vi.相互关联影响；相互依赖,,102,102
1418,19,courtesy,5,n.礼貌,,102,102
1419,19,crack,7,"n.裂缝；裂纹
vt./vi.（使）裂开",,102,102
1420,19,creep,6,"vi.悄悄地小心行进；爬行，匍匐
n.讨厌鬼",,102,102
1421,19,crowd,5,"n.人群
vt.挤满，塞满
vi.拥挤；群集",,103,103
1422,19,cucumber,5,n.黄瓜,,103,103
1423,19,cue,7,n.提示；暗示,,103,103
1424,19,dare,4,"v.敢
vt.激（某人做某事）",,103,103
1425,19,dean,6,n.教长；（大学或学院的）院长,,103,103
1426,19,decay,5,"n.衰败；腐烂
vi.（建筑、地方等）破败",,103,103
1427,19,decorate,7,vt.装饰；授给（某人）勋章（或奖章）,,103,103
1428,19,deem,7,vt.视为；认为；相信,,103,103
1429,19,deploy,6,vt.有效地利用；调动；部署，调度（军队或武器）,,103,103
1430,19,diligent,5,a.勤勉的；刻苦的；孜孜不倦的,,103,103
1431,19,disappoint,5,"vt./vi.使失望
vt.使破灭；使落空",,103,103
1432,19,discard,7,vt.丢弃；抛弃,,103,103
1433,19,disguise,5,"n.伪装；装扮；伪装物
vt.伪装；装扮",伪装,103,103
1434,19,dislike,4,"vt.厌恶；不喜爱
n.不喜欢的事物",,"103,104",103
1435,19,doom,5,"n.厄运；劫数
vt.注定（失败、死亡、毁灭等）",厄运；注定,104,104
1436,19,drought,4,n.旱灾；干旱,,104,104
1437,19,eager,7,a.渴望的；热切的；渴求的,,104,104
1438,19,edge,4,"n.边缘；边沿
vt./vi.（使）徐徐移动",,104,104
1439,19,elementary,7,a.基本的；简单的；基础的，初级的,初级的,104,104
1440,19,embryo,7,"n.胚胎
a.（想法、体系或机构）萌芽阶段的",,104,104
1441,19,emergency,7,n.突发事件；紧急情况,,104,104
1442,19,engagement,7,n.（与……的）密切关系；婚约；约会,密切关系,104,104
1443,19,enrich,4,vt.使丰富，充实；使富裕；使富有,,104,104
1444,19,enterprise,7,n.企业；公司；事业，规划,企业；事业,104,104
1445,19,enthusiastic,6,a.热心的；热烈的；满腔热忱的,,104,104
1446,19,equip,6,vt.配备；装备；使能够胜任,,104,104
1447,19,excitement,4,n.兴奋；激动,,104,104
1448,19,exploit,2,"vt.利用；开发；开采
n.英勇的行为",利用,"104,105",104
1449,20,exert,7,vt.施加（影响、压力等）；运用（权威等）,施加；运用,105,105
1450,20,expedition,6,n.考察；远征；探险；考察队,,105,105
1451,20,faithful,4,a.忠实的；忠诚的；如实的；可信赖的,,105,105
1452,20,fantastic,5,a.奇异的；荒诞的；极好的；了不起的,,105,105
1453,20,fellow,7,"a.同伴的；同类的
n.同事；同辈",,105,105
1454,20,fetch,4,vt.售得（某价）；（去）拿来；（去）请来,,105,105
1455,20,flash,7,"n.闪光；闪耀
vt./vi.（使）显示；（使）闪现",,105,105
1456,20,flaw,7,n.缺点；错误；（性格上的）缺陷；瑕疵,缺陷,105,105
1457,20,float,6,"vi.飘浮；浮
vt.提出，提请考虑（想法或计划）",,105,105
1458,20,foresee,6,vt.预料；预见；预知,,105,105
1459,20,frank,4,a.坦诚的，坦率的,,105,105
1460,20,furnace,6,n.熔炉；火炉,,105,105
1461,20,furnish,4,vt.提供；供应；布置家具,,105,105
1462,20,gaze,4,"n.凝视；注视
vi.盯着；凝视；注视",,106,106
1463,20,genuine,6,a.真正的；非伪造的；真诚的；真挚的,,106,106
1464,20,glance,6,"n.—瞥
vi.瞥一眼；扫视；浏览；粗略地看",,106,106
1465,20,grasp,7,"vt.理解；领会；抓紧
n.理解（力）",领会；抓紧,106,106
1466,20,harsh,5,a.严厉的；严酷的；艰苦的；恶劣的；刺耳的,,106,106
1467,20,harvest,5,"n.收获；收割；收成
vt./vi.收割，收获",,106,106
1468,20,heaven,7,n.天堂；(the heavens)天空,,106,106
1469,20,helmet,5,n.头盔；防护帽,,106,106
1470,20,hinder,7,vt.阻碍；妨碍；阻挡,,106,106
1471,20,holder,6,n.拥有人，持有人；支托物，容器,,106,106
1472,20,horizon,7,n.（欲望、知识或兴趣的）眼界,眼界,106,106
1473,20,hormone,7,n.激素；荷尔蒙,,106,106
1474,20,illness,6,n.疾病，病；（某种）病；患病期,,106,106
1475,20,index,5,n.（物价和工资等的）指数；索引；指标,指数,106,106
1476,20,initiate,5,"vt.开始；发起；创始；使了解；传授
n.新入会的人",开始,107,107
1477,20,injury,7,n.（对躯体的）损伤；（对感情的）伤害,,107,107
1478,20,inner,6,a.内心的；隐藏的；内部的；里面的,,107,107
1479,20,keen,7,a.渴望；热衷于；（兴趣或感情）浓厚的,,107,107
1480,20,ladder,6,n.梯子；阶梯，途径,,107,107
1481,20,lane,5,n.车道；（乡间）小路；跑道，泳道,,107,107
1482,20,laser,7,n.激光；激光器,,107,107
1483,20,Lawn,7,n.草坪；草地,,107,107
1484,20,layer,7,n.层；表层；层次；阶层,,107,107
1485,20,lest,6,conj.唯恐，担心；免得，以免,,107,107
1486,20,limb,4,n.肢；臂；腿；（日月等天体的）边缘；树枝,,107,107
1487,20,loan,6,"n.贷款；借款；借出；贷给
vt.贷与",,107,107
1488,20,loom,5,"n.织布机
vi.（尤指阴森森地）隐约出现",,107,107
1489,20,loyal,7,a.忠诚的；忠实的,,107,107
1490,20,lure,5,"vt.引诱；诱惑；哄骗
n.诱惑力",诱惑；诱惑力,"107,108",107
1491,20,mathematics,5,n.数学；计算；运算,,108,108
1492,20,mathematical,5,a.数学的；数学方面的,,108,108
1493,20,medal,4,n.奖牌；奖章；勋章,,108,108
1494,20,medium,7,n.媒介，手段,媒介,108,108
1495,20,melt,7,vt./vi.（使）熔化；（使）融化；（使）软化,,108,108
1496,20,metal,7,n.金属,,108,108
1497,20,mild,5,a.轻微的，不严重的；温和的，不强烈的,,108,108
1498,20,mineral,7,n.矿物；矿物质,,108,108
1499,20,minor,5,"a.较小的；轻微的
n.未成年人",,108,108
1500,20,mislead,4,vt.误导；使误信,,108,108
1501,20,mock,5,"vt./vi.嘲笑；嘲弄
a.虚假的；仿制的；模拟的",嘲笑,108,108
1502,20,monetary,7,a.货币的，钱的（尤指一国的金融）,,108,108
1503,20,myth,6,n.神话；错误的看法（或认识）,,108,108
1504,20,nasty,5,a.严重的；危险的；极差的；令人厌恶的,严重的；极差的,"108,109",108
1505,20,noble,5,a.崇高的；宏伟的；壮观的；高贵的；贵族的,,109,109
1506,20,nonetheless,5,ad.尽管如此；但是,,109,109
1507,20,outer,4,a.外部的，外面的；远离中心的；外围的,外部的；外面的,109,109
1508,20,oxygen,5,n.氧；氧气,,109,109
1509,20,panic,6,"n.惊恐
vt./vi.（使）惊慌",,109,109
1510,20,pause,4,"vi.暂停
n.停顿；停顿的时间；暂停键",,109,109
1511,20,pave,5,vt.铺（路或地面）,,109,109
1512,20,pearl,7,n.珍珠,,109,109
1513,20,pilgrim,6,n.朝圣者，香客,,109,109
1514,21,pioneer,6,"n.先驱；先锋；拓荒者；开发者
vt.开创",先驱,109,109
1515,21,pipe,4,"n.管道，烟斗
vt./vi.用管乐器演奏",,109,109
1516,21,plain,5,"ad.简直，绝对地
n.平原
a.平凡的；朴素的",,109,109
1517,21,pledge,7,"vt.正式承诺；保证给予（或做）
n.诺言",保证给予,"109,110",109
1518,21,poisonous,5,a.有毒的；引起中毒的；恶毒的；邪恶的,有毒的,110,110
1519,21,pour,7,"vt.倾倒
vi.涌流；喷发",,110,110
1520,21,prestige,4,"n.声望；威望
a.受尊重的；气派的",声望,110,110
1521,21,proud,6,a.骄傲的；自豪的；骄傲自大的,,110,110
1522,21,provided,7,conj.如果；只要,,110,110
1523,21,puzzle,7,"n.谜；智力游戏
vt.使困惑；迷惑",,110,110
1524,21,ratio,5,n.比例；比,,110,110
1525,21,raw,7,a.未经加工的；（食物）生的；原始的,,110,110
1526,21,readily,7,ad.轻而易举地；便利地；乐意地；欣然地,,110,110
1527,21,reap,5,"vt.获得
vt./vi.收获，收割（庄稼）",,110,110
1528,21,rear,6,"n.（常用the rear）后部
a.后部的",,110,110
1529,21,refuge,4,n.庇护所；避难处；庇护；避难,,110,110
1530,21,regarding,7,prep.关于；至于,,110,110
1531,21,rescue,4,"n.救援，解救
vt.营救；援救",营救,111,111
1532,21,rocket,5,"n.火箭
vi.快速增长；猛增；急速移动",,111,111
1533,21,rough,4,a.大致的；粗略的；危险的；充斥暴力的,,111,111
1534,21,rubber,4,n.橡胶；橡皮擦,,111,111
1535,21,scarcely,4,ad.几乎不；勉强；刚一……就,,111,111
1536,21,scheme,7,"n.计划；方案
vt./vi.密谋；秘密策划",计划；方案；密谋,111,111
1537,21,sculpture,5,n.雕像；雕塑品；雕刻术；雕塑术,,111,111
1538,21,shade,5,"n.阴凉处；（树）荫
vt.给……遮挡(光线)",,111,111
1539,21,sharp,7,a.急剧的，强烈的；尖锐的；锋利的,,111,111
1540,21,shrink,5,vt./vi.（使）（数量、体积或价值）减少，变小,,111,111
1541,21,shuttle,7,n.航天飞机,,111,111
1542,21,sketch,6,"n.概述；素描；速写；草图
vt.概述；简述",素描,111,111
1543,21,skip,5,vi.蹦蹦跳跳地走；跳换（话题）,,111,111
1544,21,slice,6,"n.片，薄片
vt.把……切成（薄）片",薄片,"111,112",111
1545,21,slight,4,"a.略微的；瘦小的
n.轻视；冷落",略微的,112,112
1546,21,slogan,5,n.口号；标语,,112,112
1547,21,smooth,5,"a.顺利的；平稳的；光滑的；平滑的
vt.抹；捋",,112,112
1548,21,snap,7,"a.迅速的，无事先通知的
n.咔嚓声",,112,112
1549,21,spare,5,"vt.抽出；匀出
a.闲置的；备用的；外加的",,112,112
1550,21,spite,6,"vt.（故意做坏事来）伤害
n.恶意",恶意,112,112
1551,21,split,7,vt./vi.分成（不同部分）；（使）裂开,,112,112
1552,21,spoil,7,"vt.破坏；毁掉；宠坏；娇惯
vi.变质；变坏",破坏,112,112
1553,21,spokesperson,4,n.发言人,,112,112
1554,21,spring,7,n.春天；泉；弹簧；活力,,112,112
1555,21,squeeze,5,"vt.压缩，紧缩（经济）
vt./vi.挤压",挤压,112,112
1556,21,stake,6,n.股份；股本,,112,112
1557,21,starve,6,"vt.使挨饿；使饿死
vi.饿死；挨饿",使挨饿；使饿死,112,112
1558,21,steady,7,"a.稳步的，匀速的；稳定的
ad.稳定地",稳定的,113,113
1559,21,steer,4,vt.引导（某人采取某种行动或态度）,,113,113
1560,21,storey,7,n.（楼房的）层，楼层,,113,113
1561,21,stream,6,n.（事件、人、物等的）一系列，流；小河,流,113,113
1562,21,stretch,6,"n.（连续的）一段时间
vi.绵延；延伸；延续",一段时间；延伸,113,113
1563,21,stuff,7,"n.物品；事情，活动
vt.装满",,113,113
1564,21,supplement,7,"n.补充（物）；增补（物）；（报纸的）增刊
vt.补充；增补",补充（物）；增刊；补充,113,113
1565,21,surgery,6,n.外科手术；外科学；诊疗室；诊所,,113,113
1566,21,surname,5,n.姓,,113,113
1567,21,surroundings,7,n.环境,,113,113
1568,21,sweep,5,vt./vi.（事件、思想、信仰）迅速传播；打扫,,113,113
1569,21,swing,5,"n.改变；秋千
vt./vi.（使）摆动，摇摆",秋千；摇摆,113,113
1570,21,tackle,7,vt.处理，解决（难题或局面）；与……交涉,处理；解决,113,113
1571,21,tactic,5,n.策略；招数；手段,,"113,114",113
1572,21,tap,6,"vt./vi.利用，开发
n.水龙头",,114,114
1573,21,tear,5,"n.眼泪；泪水；泪珠
vt./vi.撕碎；撕裂",,114,114
1574,21,theme,6,n.主题，主题思想,,114,114
1575,21,thereby,5,ad.因此；从而；由此,,114,114
1576,21,threshold,6,n.界；起始点；门槛；门口，起点,门槛,114,114
1577,21,tide,6,n.潮水；潮汐，潮水般的人流,,114,114
1578,21,tidy,4,"a.整洁的；整齐的；爱整洁的
vt./vi.收拾，整理",,114,114
1579,21,tight,6,a.紧的；牢固的；（钱）拮据的；（时间）紧的,,114,114
1580,21,twist,5,n.转折，转变，突然变化；急转弯处；曲折处,,114,114
1581,21,underlying,4,a.潜在的；隐含的；下层的；表面下的,潜在的,114,114
1582,21,undoubtedly,5,ad.无疑地,,114,114
1583,21,unity,5,n.团结一致；统一；联合，协调；和谐,,114,114
1584,21,valley,7,n.谷；山谷；溪谷,,114,114
1585,21,vessel,4,n.轮船；舰；血管，脉管；（盛液体的）容器,血管,114,114
1586,21,vice,6,n.恶行，（与性或毒品有关的）罪行,,115,115
1587,21,warrant,5,"n.执行令；授权令；许可（证）
vt.保证",许可（证）,115,115
1588,21,wheel,6,n.轮子，（汽车等的）方向盘,,115,115
1589,21,wholly,5,ad.完全地；全面地；整体地,,115,115
1590,21,worthy,8,a.值得尊敬的；值得……的；有价值的,值得尊敬的；有价值的,115,115
1591,21,youth,7,n.（统称）青年，年轻人，青春；朝气,,115,115
1592,22,acute,3,a.（情况）严重的；（感觉）强烈的；敏锐的,敏锐的,115,115
1593,22,agony,2,n.（精神或肉体的）极度痛苦,,115,115
1594,22,altitude,2,n.海拔；高处,,115,115
1595,22,aluminium,2,n.铝,,115,115
1596,22,angle,2,n.（看待问题或形势的）角度；角,,115,115
1597,22,artistic,2,a.任意的；武断的；专制的；专横的,,115,115
1598,22,artistic,3,a.艺术的，美术的；有艺术天赋的,,115,115
1599,22,arbitrary,2,a.任意的；武断的；专横的,,115,115
1600,22,augment,3,vt.增加；提高,,116,116
1601,22,authentic,3,a.真实的；真正的,真实的,116,116
1602,22,rebel,2,"n.叛军；叛乱者
vi.反抗；反叛；造反",,116,116
1603,22,bond,2,"vt./vi.（使）建立亲密关系
n.纽带，联系",,116,116
1604,22,border,3,"n.边界，国界
vt.与……接壤",边界,116,116
1605,22,captain,3,n.（尤指运动队的）队长；舰长，船长,,116,116
1606,22,carrier,3,n.运输公司；携带病菌者；运输工具,,116,116
1607,22,precaution,2,n.预防措施,,116,116
1608,22,reception,3,n.接待处；（无线电或电视等信号的）接收,接收,116,116
1609,22,susceptible,2,a.易受影响的,,116,116
1610,22,receipt,3,n.收据；收条；收到；接收,,116,116
1611,22,excellent,3,a.杰出的；极好的,,116,116
1612,22,discern,3,vt.识别；了解,,116,116
1613,22,certainty,3,n.确定性；确信,,116,116
1614,22,certificate,2,n.证明；证明书,证明书,117,117
1615,22,preceding,2,a.在前的；前面的,,117,117
1616,22,concession,2,n.妥协；让步,妥协；让步,117,117
1617,22,chemist,3,n.化学家,,117,117
1618,22,precision,3,n.精确；准确,,117,117
1619,22,decisive,2,a.决定性的；关键的；果断的；坚决的,,117,117
1620,22,concise,2,a.简明的；简洁的；（尤指词典）简缩的,,117,117
1621,22,proclaim,3,vt.宣布；宣告；声明；成为标志；表明,宣布,117,117
1622,22,declaration,2,n.声明；宣告；宣言；公告,宣言,117,117
1623,22,inclusive,3,a.包容广阔的；范围广泛的；包含全部费用,,117,117
1624,22,coalition,2,n.联盟；联合政府；结盟，联合,联盟,117,117
1625,22,comic,2,"a.滑稽的，好笑的
n.喜剧演员",,117,117
1626,22,consult,3,vt.咨询；请教；商议；商量,,117,117
1627,22,incorporate,3,vt.把（某事物）并入；包含,,117,117
1628,22,counter,3,"vt./vi.反驳；驳斥
n.柜台",,"117,118",117
1629,22,recreation,2,n.娱乐；消遣；重建；重现,娱乐；消遣,118,118
1630,22,discriminate,2,"vi.歧视；偏袒
vt./vi.辨别；区分",,118,118
1631,22,accumulate,3,vt.积累；积聚,积累；积聚,118,118
1632,22,incur,3,vt.招致；遭受；引起,招致；遭受；引起,118,118
1633,22,recur,2,vi.反复出现,,118,118
1634,22,occurrence,3,n.发生的事情；发生；出现,发生,118,118
1635,22,currency,3,n.货币，通货；被接受，传播,,118,118
1636,22,corridor,2,n.走廊，过道,,118,118
1637,22,discourse,2,n.话语；语篇；演讲，论述,,118,118
1638,22,decent,3,a.相当不错的；像样的；得体的；合宜的,,118,118
1639,22,condemn,3,vt.谴责，指责；判处；宣判,谴责,118,118
1640,22,demographic,2,n. (demographics) 人口统计数据,,118,118
1641,22,condense,2,vt./vi.（使）凝结，（使）冷凝；（使）变浓,,118,118
1642,22,dental,3,a.牙齿的；牙科的,,118,118
1643,22,dentist,3,n.牙科医生,,"118,119",118
1644,22,deteriorate,3,vi.恶化；变坏；退化,,119,119
1645,22,dedicate,3,vt.致力于，献身于,致力于,119,119
1646,22,indication,3,n.显示；表明；标示；象征,,119,119
1647,22,indicative,2,a.指示的；表明的,,119,119
1648,22,verdict,3,n.（陪审团的）裁决，裁定；意见，结论,裁决,119,119
1649,22,dignity,3,n.尊严；自尊；尊贵；高尚,,119,119
1650,22,indignation,3,n.愤怒；义愤；愤慨,,119,119
1651,22,dividend,2,n.红利；股息,,119,119
1652,22,domain,3,n.领域，范畴,领域,119,119
1653,22,donate,3,vt./vi.捐赠，捐献（尤指钱）；献（血）；捐献（器官）,捐赠；捐献；捐献,119,119
1654,22,anecdote,2,n.逸事；趣闻；传闻,趣闻,119,119
1655,22,induce,3,vt.引起；导致；诱使；劝说,,119,119
1656,22,conductor,3,n.（管弦乐队或合唱团的）指挥；导体,,119,119
1657,22,endurance,3,n.忍耐力；耐久力,,119,119
1658,22,ecology,2,n.生态；生态学,,120,120
1659,22,exemplify,2,vt.举例说明；例证；是……的典范,,120,120
1660,22,exempt,3,"vt.免除；豁免
a.被免除的",,120,120
1661,22,equation,2,n.（须综合考虑的）影响因素,,120,120
1662,22,energetic,3,a.精力充沛的；积极的；充满活力的,,120,120
1663,22,essence,3,n.实质；本质；香精；精油,,120,120
1664,22,interface,2,n.（软件的用户）界面；接口,,120,120
1665,22,preface,2,"n.（书的）前言
vt.以……作为开场白",前言,120,120
1666,22,fatigue,3,n.疲倦；疲劳,,120,120
1667,22,differentiate,3,"vt./vi.区分；辨别
vt.构成……间差别的特征",区分；辨别,120,120
1668,22,confer,2,"vt.赋予，授予（权力、荣誉等）
vi.商议；商谈",授予,120,120
1669,22,fertile,3,a.肥沃的；富饶的；能生育的,肥沃的；能生育的,120,120
1670,22,fertilizer,2,n.肥料,,120,120
1671,22,confess,2,vt./vi.承认（自己感到羞愧或尴尬的事）,承认,120,120
1672,23,deficiency,3,n.缺乏；缺少；缺陷；缺点,,121,121
1673,23,superficial,3,a.表面的；外表的；肤浅的；粗略的,表面的；肤浅的,121,121
1674,23,proficiency,2,n.精通；熟练,,121,121
1675,23,feasible,3,a.行得通的；可行的,,121,121
1676,23,confidential,2,a.机密的；保密的,,121,121
1677,23,profile,3,n.形象；印象；简介；概述；轮廓；外形,轮廓,121,121
1678,23,finite,3,a.有限的；限定的,,121,121
1679,23,infinite,2,a.无穷尽的；无限的；（数量或程度上）极大的,,121,121
1680,23,affirm,2,vt.证实，确认；坚定（感觉、信念或观点）,证实,121,121
1681,23,fiscal,3,a.财政的；国库的,,121,121
1682,23,flexible,3,a.可变动的；灵活的；可弯曲的,,121,121
1683,23,superfluous,3,a.过剩的；过多的；多余的,,121,121
1684,23,enforce,3,vt.强制执行，强行实施（法律或规定）,,121,121
1685,23,conform,3,vi.遵守，遵从（法律、规定等）,,121,121
1686,23,fortunate,3,a.幸运的；有幸的,,121,121
1687,23,fragile,3,a.脆弱的；易碎的；易损的,脆弱的；易碎的,122,122
1688,23,frontier,3,n.国界，边境；（尤指知识的）前沿，尖端,,122,122
1689,23,diffuse,3,"vt.减弱，平息（不良情绪或局面）
vt./vi.传播",,122,122
1690,23,refute,2,vt.反驳（陈述或观点）；否认,,122,122
1691,23,geography,3,n.地理学；地势；地貌,,122,122
1692,23,geology,3,n.地质学；（某地区的）地质,,122,122
1693,23,pregnant,3,a.怀孕的；妊娠的,,122,122
1694,23,hydrogen,2,n.氢；氢气,,122,122
1695,23,genre,2,n.体裁，类型,,122,122
1696,23,grand,2,a.宏伟的；宏大的,,122,122
1697,23,aggravate,3,vt.使恶化；使严重；使恼火；激怒,使恶化,122,122
1698,23,grave,3,"a.严重的；严峻的
n.死亡；逝世；坟墓",,122,122
1699,23,agreeable,2,a.愉悦的；讨人喜欢的；欣然同意,,122,122
1700,23,gratitude,2,n.感激之情；感谢,,122,122
1701,23,gross,3,a.总的；毛的；严重的；重大的,,"122,123",122
1702,23,harmony,3,n.和睦；融洽；和声；协调；和谐,,123,123
1703,23,inherit,2,"vt./vi.继承（金钱或财产）
vt.经遗传获得",,123,123
1704,23,prohibit,3,vt.禁止,,123,123
1705,23,historic,3,a.历史（性）的；历史上的,,123,123
1706,23,humidity,3,n.温度；潮湿,,123,123
1707,23,hygiene,3,n.卫生,,123,123
1708,23,identical,3,a.相同的；完全同样的,,123,123
1709,23,imaginary,2,a.想象中的；虚构的,,123,123
1710,23,imitation,3,n.模仿；效仿；仿制品，赝品,,123,123
1711,23,imperative,3,"n.必要的事；重要紧急的事
a.极重要的",,123,123
1712,23,irony,3,n.有讽刺意味的情况；反语；反话,,123,123
1713,23,isolate,3,vt.使脱离；使孤立,,123,123
1714,23,peninsula,3,n.半岛,,123,123
1715,23,exit,3,"n.退出；离去；出口；通道
vt./vi.离开",,"123,124",123
1716,23,adjective,3,n.形容词,,124,124
1717,23,conjunction,3,n.（事件的）同时发生；连词,,124,124
1718,23,jurisdiction,3,n.管辖权；管辖区域,,124,124
1719,23,lateral,2,a.横向的；侧面的,,124,124
1720,23,delete,3,vt.删除；删去,,124,124
1721,23,alleviate,3,vt.缓解；减轻；暖和,,124,124
1722,23,deliberate,3,"a.早有计划的；故意的
vi.仔细考虑",,124,124
1723,23,liberty,2,n.自由,,124,124
1724,23,eligible,3,a.有资格的；合格的,有资格的；合格的,124,124
1725,23,obligation,2,n.（道义或法律上的）义务，责任，职责,,124,124
1726,23,align,3,"vt.与……结盟
vt./vi.（使）排成一直线",,124,124
1727,23,preliminary,3,a.初步的；预备性的,初步的,124,124
1728,23,linguistic,3,a.语言的；语言学的,,124,124
1729,23,illiterate,2,a.不识字的；文盲的；了解不多的，外行的,不识字的,124,124
1730,23,allocate,3,vt.分配；配给,,125,125
1731,23,analogue,3,"a.模拟
n.相似物；类似物",,125,125
1732,23,catalogue,3,n.目录；目录簿；一连串,,125,125
1733,23,analogy,2,n.类比；比喻；类推；比拟,,125,125
1734,23,logic,3,n.逻辑；逻辑学；合乎情理的原因,,125,125
1735,23,lottery,2,n.抽彩给奖法；碰运气的事,,125,125
1736,23,lucrative,2,a.赚大钱的；获利多的,,125,125
1737,23,paralyse,2,vt.使瘫痪；使麻痹,,125,125
1738,23,analytical,3,a.头脑缜密的，条分缕析的,,125,125
1739,23,magnitude,3,n.巨大；重大；重要性,重要性,125,125
1740,23,manipulate,3,vt.（熟练地）操作；（暗中）操纵,操作,125,125
1741,23,marine,3,a.海洋的,,125,125
1742,23,masculine,2,a.男性的；男子的,男性的,125,125
1743,23,mature,3,a.（想法，计划）全面的；慎重的；发育完全的,,125,125
1744,23,maximum,3,a.最大量的，最大限度的,最大量的；最大限度的,125,125
1745,23,remedy,3,"n.解决方法；疗法；治疗
vt.改善；纠正",疗法；纠正,126,126
1746,23,mend,3,"vt./vi.（使）痊愈
vt.修理；修补",,126,126
1747,23,merchant,3,"n.批发商；商人
a.商船的",,126,126
1748,23,immerse,2,vt.使沉浸（于）；使浸没于,,126,126
1749,23,geometry,3,n.几何学；几何形状,,126,126
1750,23,immense,3,a.巨大的；极大的,,126,126
1751,23,emigrate,3,vi.移居国外；移民,,126,126
1752,24,omit,2,vt.忽略；漏掉；遗漏,,126,126
1753,24,premise,3,n.前提；假定,,126,126
1754,24,emit,3,vt.排放，散发，发出（热、光、气或气味）,,126,126
1755,24,accommodation,3,n.住处；住宿,住处,126,126
1756,24,modernization,2,n.现代化,,126,126
1757,24,naive,2,a.幼稚的；无知的；天真的；率直的,,126,126
1758,24,negligible,2,a.微不足道的；可忽略不计的,,"126,127",126
1759,24,neutral,3,a.（声音或表情）不露声色的,,127,127
1760,24,denote,2,vt.表示；意指；是……的标志,,127,127
1761,24,novelty,3,n.新奇；新颖；新颖小巧而廉价的物品,,127,127
1762,24,numerous,2,a.众多的；许多的,众多的；许多的,127,127
1763,24,petroleum,2,n.石油；原油,,127,127
1764,24,anonymous,2,a.不知姓名的；匿名的；不具名的；平淡无奇的,,127,127
1765,24,cooperative,3,"a.合作的；协作的
n.合作企业",合作的,127,127
1766,24,operational,3,a.操作的；运营的；可使用,操作的；运营的,127,127
1767,24,subordinate,3,"n.下属；下级
a.从属的；下级的",下级,127,127
1768,24,extraordinary,2,a.非凡的，出色的；异乎寻常的,,127,127
1769,24,orderly,3,a.有秩序的；有条理的；守秩序的；表现良好的,,127,127
1770,24,ornament,2,"n.为……增添光彩的人（或事物）；装饰
vt.装饰；点缀",装饰；装饰,127,127
1771,24,transparent,2,a.透明的；清楚易懂的,,127,127
1772,24,partial,3,a.部分的；不完全的；偏袒的；不公平的,部分的；偏袒的,"127,128",127
1773,24,particle,2,n.粒子；颗粒；微粒,颗粒；微粒,128,128
1774,24,impatient,3,a.不耐烦的；没有耐心的；迫不及待的,,128,128
1775,24,surpass,3,vt.超过；胜过,,128,128
1776,24,repel,2,vt.击退；驱逐；驱除；赶走；使厌恶；使恐惧,,128,128
1777,24,compulsory,2,a.义务的；强制性的,义务的,128,128
1778,24,expenditure,3,n.支出（额），开支（额）；耗费，花费,开支,128,128
1779,24,pessimistic,3,a.悲观的，悲观主义的,,128,128
1780,24,appetite,3,n.食欲；胃口；强烈欲望,,128,128
1781,24,perpetual,2,a.持续的；一再反复的；终身的；永久的,一再反复的；永久的,128,128
1782,24,pit,3,"n.深洞；深坑
vt.在……上打洞",,128,128
1783,24,symphony,2,n.交响乐；交响曲,,128,128
1784,24,physicist,2,n.物理学家,,128,128
1785,24,compile,3,vt.汇编；编制,,128,128
1786,24,empirical,2,a.以实验（或经验）为依据的；经验主义的,,128,128
1787,24,plague,2,"n.灾难，祸患；瘟疫；疫病
vt.困扰；折磨",,"128,129",128
1788,24,transplant,2,vt.移植（器官、皮肤等）；移种（植物）,移植,129,129
1789,24,plausible,3,a.可信的；有道理的,,129,129
1790,24,appliance,3,n.（家用）电器，器具,电器；器具,129,129
1791,24,duplicate,2,"vt.复制；复印
a.复制的；副本的",,129,129
1792,24,compliment,3,"n.赞美；恭维
vt.赞美；恭维",,129,129
1793,24,plentiful,3,a.丰富的；充足的,,129,129
1794,24,applicable,3,a.适用的，适合的,,129,129
1795,24,explode,2,"vt./vi.爆炸；爆破
vi.突然爆发（感情）；激增",,129,129
1796,24,polish,3,"vt./vi.磨光；擦光
vt.润色；修改
n.擦光剂",,129,129
1797,24,postpone,3,vt.推迟；使延期；延缓,,129,129
1798,24,posture,2,n.（坐立的）姿势；态度；立场,,129,129
1799,24,disposal,2,n.处理；清除,,129,129
1800,24,disposition,3,n.性情；性格；布置；安排；倾向,,129,129
1801,24,proposition,2,n.主张；观点；任务，事情；提案；提议,主张,130,130
1802,24,predator,4,n.捕食性动物；捕食者；剥削者；掠夺者,,130,130
1803,24,compress,2,"vt./vi.压缩，（被）压紧
vt.精简；浓缩",,130,130
1804,24,probe,2,vt./vi.探究，打探,,130,130
1805,24,probability,2,n.可能性；概率,,130,130
1806,24,prone,3,a.易于……的,,130,130
1807,24,purify,2,vt.净化；使纯净,,130,130
1808,24,quantitative,2,a.量化的；定量的,,130,130
1809,24,conquer,3,vt.（成功地）对付，克服；征服；占领,,130,130
1810,24,query,2,"n.疑问；询问
vt.质疑，对……表示疑问",,130,130
1811,24,erase,3,vt.消除；消灭；抹去；擦掉，抹掉（笔迹等）,,130,130
1812,24,rational,3,a.理性的；合理的；理智的；清醒的,理性的；合理的,130,130
1813,24,erect,2,vt.建造；建立；竖立；搭起,,130,130
1814,24,regime,3,n.制度；政权,政权,130,130
1815,24,arrest,3,"n.逮捕；拘捕
vt.逮捕；拘留",,"130,131",130
1816,24,rhetoric,2,n.华而不实的言语；花言巧语；修辞艺术,,131,131
1817,24,rotate,2,vt./vi.（使）旋转，转动；（人员）轮换，轮值,,131,131
1818,24,abrupt,3,a.突然的；意外的；（言语、行为）唐突的,突然的,131,131
1819,24,erupt,2,vi.突然发生；爆发；（火山）爆发,,131,131
1820,24,sacred,3,a.神圣的；上帝的,,131,131
1821,24,descendant,2,n.后代；后裔,,131,131
1822,24,microscope,3,n.显微镜,,131,131
1823,24,prescribe,2,vt.开（药、处方）；规定，指定,,131,131
1824,24,subscribe,3,vi.订阅，订购（杂志或报纸）；定期捐款,订阅,131,131
1825,24,manuscript,2,n.原稿；手稿,原稿；手稿,131,131
1826,24,prescription,3,n.处方；药方；医生开的药；开处方,,131,131
1827,25,secondary,3,a.中学的；中学教育的；次要的；继发性的,中学的,131,131
1828,25,prosecute,3,"vt./vi.起诉；控告
vt.继续（做某事）",,131,131
1829,25,assembly,2,n.装配；组装；集会,装配,"131,132",131
1830,25,assimilate,2,"vt./vi.（使）同化
vt.透彻理解；吸收",同化；吸收,132,132
1831,25,presently,3,ad.目前，现在，此刻；很快，马上,,132,132
1832,25,resent,3,vt.憎恶；怨恨,,132,132
1833,25,reservation,2,n.预订；预约；保留（意见）,,132,132
1834,25,considerate,2,a.替他人着想的；体贴的,,132,132
1835,25,preside,2,vi.负责；主持,,132,132
1836,25,designate,2,vt.指定；命名；选定，指派；标明；指明,指派,132,132
1837,25,silicon,2,n.硅,,132,132
1838,25,singular,2,a.显著的；单数的；单数形式的；奇特的,,132,132
1839,25,consistent,3,a.—致的；持续的；连续的；相互连贯的,—致的；持续的,132,132
1840,25,skim,2,vt./vi.浏览；略读；（使）掠过,,132,132
1841,25,resolution,3,n.决议；解决；决心；决定,决议,132,132
1842,25,sophisticated,3,a.复杂巧妙的；先进的；见多识广的；老练的,复杂巧妙的,132,132
1843,25,spectrum,2,n.范围,范围,132,132
1844,25,conspicuous,2,a.易见的；明显的,明显的,133,133
1845,25,specialize,3,vi.专门研究（或从事）,,133,133
1846,25,spiritual,3,a.精神的；心灵的,精神的,133,133
1847,25,spontaneous,2,a.（行为）自然的，自发的,,133,133
1848,25,correspondent,2,n.记者；通讯员；通信者,,133,133
1849,25,correspondence,3,n.通信；通信联系；相关；相似,,133,133
1850,25,stern,3,a.（法令，陈述）严格的；（竞争，对立）严峻的,严峻的,133,133
1851,25,destination,2,n.目的地；终点,,133,133
1852,25,stationary,2,a.不动的；静止的；固定的,,133,133
1853,25,distinct,2,a.不同的；有区别的；明显的；清晰的,,133,133
1854,25,constituent,3,"n.选民，选举人；成分；构成要素
a.组成的",选民；成分；组成的,133,133
1855,25,destruction,3,n.破坏；摧毁；毁灭,,133,133
1856,25,studio,3,n.（艺术家的）工作室；演播室；制作室,,133,133
1857,25,persuasion,2,n.劝说；说服；（宗教或政治）信仰,说服；信仰,133,133
1858,25,resume,3,n.简历，履历；概述,,133,133
1859,25,superiority,3,n.优越（性）；优势；优越感，骄傲自大,,134,134
1860,25,insure,3,"vt.保证，确保
vt./vi.投保，给……保险",保证；投保,134,134
1861,25,assurance,2,n.把握；信心；保证；承诺,,134,134
1862,25,detach,3,vt./vi.（使）脱离；拆卸,,134,134
1863,25,detector,3,n.探测器；检测器,,134,134
1864,25,tedious,2,a.单调乏味的；令人厌烦的,,134,134
1865,25,contemplate,3,"vt.考虑；思量
vt./vi.深思；细想",考虑,134,134
1866,25,intensive,3,a.集约的；密集的；短时间内紧张进行的,,134,134
1867,25,tense,2,"n.（动词的）时态
a.绷紧的",,134,134
1868,25,pretend,2,vt./vi.假装；佯装；（在游戏中）装扮，扮作,,134,134
1869,25,tentative,2,a.暂定的；不确定的；犹豫不定的；不果断的,,134,134
1870,25,terminate,2,vt./vi.（使）结束，（使）终止,,134,134
1871,25,therapy,3,n.疗法；治疗；心理治疗,,134,134
1872,25,synthetic,3,a.人造的；（人工）合成的,,134,134
1873,25,continual,3,a.持续的，不间断的；一再的；反复的,,135,135
1874,25,toxic,3,a.有毒的（资产）；毒性的；有毒的,,135,135
1875,25,tractor,3,n.拖拉机,,135,135
1876,25,intricate,2,a.错综复杂的,,135,135
1877,25,tune,3,"vt.调频道；调台
n.曲子；曲调",,135,135
1878,25,turbulent,2,a.动荡的；混乱的；汹涌的；猛烈的,动荡的；混乱的,135,135
1879,25,abound,2,vi.大量存在；有许多,大量存在,135,135
1880,25,vacant,2,a.空着的；未被占用的；呆滞的；茫然的,,135,135
1881,25,vacuum,2,n.空虚；真空,真空,135,135
1882,25,prevail,3,vi.普遍存在；盛行；（尤指长时间斗争后）战胜,,135,135
1883,25,invalid,2,"a.无效的；作废的
n.病弱者；病人",,135,135
1884,25,prevalent,3,a.流行的；盛行的；普遍存在的,,135,135
1885,25,revelation,3,n.被暴露的真相；被曝光的秘闻；揭露,,135,135
1886,25,velocity,2,n.（沿某一方向的）速度,,135,135
1887,25,avenue,3,n.大道；（尤指）林荫大道；途径，方法,,"135,136",135
1888,25,Intervence,3,vi.干预；干涉；介入,,136,136
1889,25,converge,2,vi.（不同的思想、社会等）趋同；（人群）聚集,聚集,136,136
1890,25,invert,2,vt.使颠倒；使倒置,,136,136
1891,25,divert,3,vt.改变（资金、资源）的用途；转移，分散（注意力）,,136,136
1892,25,diversion,2,n.消遣，娱乐；转向；转移,,136,136
1893,25,conversely,3,ad.相反地,,136,136
1894,25,conviction,3,n.定罪；证明有罪；坚定的看法（或信念）,定罪,136,136
1895,25,violent,3,a.暴力的；激情的；剧烈的；猛烈的,暴力的,136,136
1896,25,virgin,2,"a.原始状态的；未改变的；贞洁的
n.新手",,136,136
1897,25,subway,3,n.地铁；地下通道,,136,136
1898,25,voyage,2,n.航行；航天,航行,136,136
1899,26,breakdown,2,n.（体系的）崩溃；（关系的）破裂,,136,136
1900,26,bypass,3,vt.绕过；避开,,136,136
1901,26,countryside,4,n.乡村；农村,,"136,137",136
1902,26,cyberspace,3,n.网络空间,,137,137
1903,26,drawback,2,n.缺点；不利条件,,137,137
1904,26,eyebrow,3,n.眉毛,,137,137
1905,26,foremost,3,a.最重要的；最著名的,最著名的,137,137
1906,26,forthcoming,2,a.即将发生（或出版等）的,,137,137
1907,26,headquarters,2,n.司令部；总部,,137,137
1908,26,housework,3,n.家务劳动；家务事,,137,137
1909,26,lifetime,3,n.一生；终生；（事物的）使用期,,137,137
1910,26,masterpiece,3,n.杰作；名著,杰作；名著,137,137
1911,26,meantime,3,ad.在此期间，与此同时,,137,137
1912,26,nearby,3,"a.附近的；邻近的
ad.在附近；不远",,137,137
1913,26,nightmare,3,n.噩梦；梦魇,,137,137
1914,26,outbreak,2,n.（暴力、疾病等坏事的）爆发，突然发生,,137,137
1915,26,outrage,2,"n.愤怒；义愤
vt.使震怒；激怒",愤怒,137,137
1916,26,outset,2,n.开始，起始,,138,138
1917,26,overhead,2,"n.（企业的）日常费用
ad.在头上方；在空中",,138,138
1918,26,roundabout,3,"a.迂回的；间接的
n.（交通）环岛",迂回的,138,138
1919,26,shortcoming,2,n.短处；缺点,,138,138
1920,26,shorthand,2,n.速记（法）,,138,138
1921,26,sometime,3,"ad.某个时间
a.曾经的，以前的",,138,138
1922,26,spacecraft,3,n.宇宙飞船；航天器,,138,138
1923,26,upright,3,a.直立的；挺直的,直立的,138,138
1924,26,upstairs,2,"ad.上楼；往楼上
a.楼上的",,138,138
1925,26,viewpoint,3,n.观点；看法；角度,,138,138
1926,26,warehouse,3,n.仓库；货栈,,138,138
1927,27,abide,3,"vt.容忍
vi.停留",停留,138,138
1928,27,aboard,3,ad.在船（飞机，火车）上；上船（飞机，火车）,,138,138
1929,27,acclaim,2,"n.（尤指对艺术成就的）称誉
vt.称赞",称赞,"138,139",138
1930,27,accommodate,2,"vt./vi.适应（新情况）
vt.为……提供住宿；容纳",适应；为……提供住宿,139,139
1931,27,accuse,3,vt.指责；控告,控告,139,139
1932,27,additional,3,a.额外的；附加的,,139,139
1933,27,administer,2,vt.管理（公司、组织、机构等）；治理（国家）,,139,139
1934,27,amid,2,prep.在……过程中；在……中,,139,139
1935,27,anchor,2,n.电（视）台节目主持人；锚,锚,139,139
1936,27,annoy,2,vt.使生气；使恼怒；打扰；骚扰,使生气；使恼怒,139,139
1937,27,antique,3,"n.古董；古玩
a.古董的；古老的",,139,139
1938,27,apparatus,3,n.装置；仪器；器械,,139,139
1939,27,appendix,2,n. (pl.appendices/appendixes)附录；阑尾,,139,139
1940,27,assault,2,"vt.袭击，猛烈攻击
n.抨击；（军事上）攻击",,139,139
1941,27,await,3,vt.等待；等候；期待,,139,139
1942,27,bare,2,a.最少的；最低限度的；裸露的,,139,139
1943,27,barn,3,n.畜棚；谷仓,,"139,140",139
1944,27,barrel,2,n.桶,,140,140
1945,27,beard,3,n.（人的）络腮胡子；（动物的）颔毛,,140,140
1946,27,bend,2,n.（尤指道路或河流的）拐弯，弯道,,140,140
1947,27,bind,3,"vt.把……紧紧联系在一起；捆绑
n.困境",,140,140
1948,27,bitter,2,a.痛苦的，辛酸的；味苦的；愤愤不平的,,140,140
1949,27,bizarre,2,a.古怪的；奇异的,,140,140
1950,27,bleak,2,a.不乐观的；暗淡的；阴冷的；荒凉的,暗淡的,140,140
1951,27,blunder,2,n.愚蠢（或粗心）的错误,,140,140
1952,27,blur,3,vt./vi.（使）难以区分，模糊；（使）视线模糊,,140,140
1953,27,boast,3,"vt./vi.吹嘘，夸耀，夸口
vt.拥有
n.吹嘘",,140,140
1954,27,bolster,3,vt.加强；改善,,140,140
1955,27,bore,2,"vt./vi.挖，掘，开凿（洞）
vt.使厌烦",,140,140
1956,27,boycott,3,vt.拒绝购买（或使用、参加）；抵制,,140,140
1957,27,brake,2,"vt./vi.刹车；刹住（车）
n.阻力；障碍",,"140,141",140
1958,27,breast,2,n.（女人的）乳房；胸膛；胸部；情感；心窝,,141,141
1959,27,bridge,3,"n.桥；纽带，桥梁
vt.消除（分歧）",,141,141
1960,27,bronze,3,"n.青铜
a.青铜色的；深红棕色的",,141,141
1961,27,bubble,2,n.泡沫（很可能持续不长的好景或好运）,,141,141
1962,27,bulb,2,n.电灯泡；球茎,,141,141
1963,27,bulk,3,n.大宗，大批（买卖）,,141,141
1964,27,bunch,2,n.一群，一伙；束；串；扎,,141,141
1965,27,bureau,3,n.办事处，机构,办事处,141,141
1966,27,burst,3,"vi.突然爆发（某种感情）
n.迸发；突发",,141,141
1967,27,bury,3,vt.埋藏；把（某物）掩藏在底下；安葬,,141,141
1968,27,butcher,2,"n.肉店；肉铺；屠夫；肉贩
vt.宰杀；屠杀",,141,141
1969,27,cabin,3,n.机舱，客舱；（通常为木制的）小屋,,141,141
1970,27,calorie,3,n.卡路里,,141,141
1971,27,canteen,2,n.餐厅；食堂；（士兵等用的）水壶,,142,142
1972,27,carpet,3,"n.地毯
vt.（树叶、植物等）完全覆盖",,142,142
1973,27,carve,3,"vt./vi.雕刻；把（熟肉）切成块
vt.开创（事业）",,142,142
1974,27,castle,2,n.城堡；堡垒,,142,142
1975,27,cement,2,"vt.加强，巩固（关系等）
n.水泥",,142,142
1976,27,chaos,2,n.混乱；杂乱；紊乱,,142,142
1977,27,chapter,3,n.（书的）章，篇；（人生或历史的）时期,,142,142
1978,27,charity,2,n.慈善；赈济；慈善机构（或组织）,,142,142
1979,27,chase,3,"vt./vi.追赶；追逐
vt.争取得到；努力获得",,142,142
1980,27,cheer,3,"vt./vi.欢呼；喝彩
vt.鼓舞；鼓励
n.喝彩声",,142,142
1981,27,chimney,2,n.烟囱；烟道,,142,142
1982,27,chip,3,n.芯片,,142,142
1983,27,chop,2,vt.（大幅度）削减（钱）；砍；（用力）切,砍,142,142
1984,27,Christmas,3,n.圣诞节；圣诞节期间,,"142,143",142
1985,27,clerk,3,n.职员；文员；（旅店的）接待员,,143,143
1986,27,cliff,3,n.（常指海洋边的）悬崖，峭壁,,143,143
1987,27,cling,3,vi.抓住（职位或财产）不放；坚持,,143,143
1988,27,cocaine,3,n.可卡因,,143,143
1989,27,coil,2,"n.圈，卷
vt./vi.（使）缠绕",,143,143
1990,27,copper,3,n.铜；警察,,143,143
1991,27,counsel,3,"vt.建议，劝告；辅导
n.法律顾问",建议；法律顾问,143,143
1992,27,county,3,n.县；郡,,143,143
1993,27,coward,3,n.胆小鬼；懦夫,,143,143
1994,27,crawl,3,vi.缓慢行进；爬；匍匐行进；（昆虫）爬行,缓慢行进；爬行,143,143
1995,27,cream,2,n.护肤霜；精华；奶油；乳脂,,143,143
1996,27,cricket,2,n.板球（运动）；蟋蟀；蛐蛐,,143,143
1997,27,cripple,3,"n.残疾人；伤残人
vt.使残疾；使成瘸子",,143,143
1998,27,crisp,3,"vt./vi.（使）变脆
n.炸薯片
a.酥脆的；脆的",,"143,144",143
1999,27,crown,3,n.(the Crown)王国,,144,144
2000,27,cruel,4,a. 残忍的；残暴的；（处境或事件）引起痛苦的,,144,144
2001,27,cunning,3,"a.精巧的；巧妙的；狡猾的
n.狡猾；诡诈",巧妙的；狡猾的,144,144
2002,27,dash,3,"n.猛冲；突进；仓促；匆忙
vi.猛冲；急驰",,144,144
2003,27,dawn,3,n.开端；萌芽；黎明；拂晓,,144,144
2004,27,deadly,2,"a.（可能）致命的，致死的
ad.极其；非常",,144,144
2005,27,dealer,2,n.商人；经销商；毒品贩子,,144,144
2006,27,defer,2,vt.推迟，延期,推迟,144,144
2007,27,despair,3,"n.绝望
vi.绝望；失去希望",,144,144
2008,27,despise,2,vt.鄙视；蔑视；看不起,,144,144
2009,28,destiny,2,n.命运；天命,,144,144
2010,28,devise,3,vt.设计；想出,设计,144,144
2011,28,diamond,2,n.钻石,,144,144
2012,28,disable,3,vt.使残废，使伤残；破坏（机器或设备）,使伤残,145,145
2013,28,discharge,3,"vt.解雇；履行；完成
vt./vi.排出；流出",,145,145
2014,28,dome,3,n.穹顶；圆屋顶；圆顶状物；穹状建筑物,,145,145
2015,28,drag,3,"n.空气阻力；累赘
vt.拖，拽",,145,145
2016,28,drain,3,"vt./vi.（使）流走，流出
n.（不断的）流失",,145,145
2017,28,drift,3,vi.漂流；飘移；不知不觉地转变,,145,145
2018,28,dwelling,3,n.住宅；居所,,145,145
2019,28,earnest,2,a.非常认真的；真诚的,,145,145
2020,28,editorial,3,"n.社论；评论
a.编辑的；编者的",,145,145
2021,28,empire,3,n.帝国；企业集团；大企业,,145,145
2022,28,entail,3,vt.使……成为必需；势必造成,,145,145
2023,28,entertain,2,"vt./vi.款待，招待；娱乐
vt.心存，怀有",,145,145
2024,28,entrance,3,n.进入权；入口（处）；出场,,145,145
2025,28,epic,2,"n.史诗般的作品
a.漫长而艰难的",,"145,146",145
2026,28,episode,3,n.时期；事件；（广播剧或电视剧的）一集,事件,146,146
2027,28,epoch,2,n.时代；纪元,,146,146
2028,28,esteem,2,"n.尊重；敬重
vt.尊敬；敬重；认为",,146,146
2029,28,explicit,3,a.清楚明确的；直截了当的,,146,146
2030,28,extinguish,2,vt.毁灭；使破灭；扑灭；熄灭,扑灭；熄灭,146,146
2031,28,fabric,3,n.（社会、机构等的）结构；织物,,146,146
2032,28,faint,2,"a.敷衍的；不尽力的；微弱的，不清楚的
vi.昏厥",,146,146
2033,28,fancy,2,"n.想象（力）
a.昂贵的；异常复杂的",,146,146
2034,28,fashionable,2,a.流行的；时髦的；时髦人物使用的,流行的；时髦的,146,146
2035,28,faulty,2,a.有故障的，有缺陷的；（思维方法）错误的,,146,146
2036,28,feeble,2,a.无效的；无力的；虚弱的；衰弱的,,146,146
2037,28,filter,3,"vi.（消息、信息等）慢慢传开
vt.过滤",,146,146
2038,28,foam,3,n.泡沫；海绵橡胶,,146,146
2039,28,forge,3,vt.艰苦干成；努力加强；伪造；假冒,,"146,147",146
2040,28,formula,3,n.方案；方法,方案,147,147
2041,28,forum,3,n.论坛；讨论会,,147,147
2042,28,frighten,3,vt.使害怕，使惊吓,,147,147
2043,28,frown,3,"vi.皱眉；蹙额
n.皱眉",,147,147
2044,28,fruitful,2,a.成果丰硕的；富有成效的,富有成效的,147,147
2045,28,gamble,3,vt./vi.赌博，打赌；碰运气；冒风险,赌博,147,147
2046,28,gasoline,2,n.汽油,,147,147
2047,28,gear,2,"vt.使适合
n.挡",,147,147
2048,28,gesture,2,"n.手势；姿势
vt./vi.用动作示意；做手势",,147,147
2049,28,glimpse,4,"n.—瞥；一看
vt.瞥见；开始认识到",,147,147
2050,28,gloomy,3,a.昏暗的；幽暗的；沮丧的；前景黯淡的,,147,147
2051,28,grab,2,vt.攫取，抓住；吸引（某人的注意）,,147,147
2052,28,grace,2,n.优雅；优美；文雅；高雅,,147,147
2053,28,grin,3,"n.露齿的笑
vt./vi.咧着嘴笑；露齿而笑",,"147,148",147
2054,28,grip,3,"n.控制
vt.对……产生强有力的影响",,148,148
2055,28,gut,2,n.本能；直觉；感性,,148,148
2056,28,hail,3,"vt.赞扬；呼喊；大声招呼
n.冰雹",,148,148
2057,28,hamper,3,vt.阻碍；妨碍,,148,148
2058,28,handful,3,n.少数人（或物） ；一把（的量）,,148,148
2059,28,harbour,3,"vt.怀有
n.港湾；港口",,148,148
2060,28,haste,2,n.仓促；匆忙,,148,148
2061,28,hasty,2,a.仓促的；匆忙的,,148,148
2062,28,hatred,2,n.仇恨；憎恨,,148,148
2063,28,hazard,2,"n.危害；危险
vt.使处于危险",,148,148
2064,28,heal,2,vt./vi.愈合；治愈；消除（分歧）,治愈,148,148
2065,28,heighten,3,vt./vi.（使）提高，增加,,148,148
2066,28,herd,2,"n.人群
vt./vi.（使）向……移动
vt.放牧",,148,148
2067,28,heroic,2,a.英勇的；英雄的；艰苦卓绝的,,149,149
2068,28,heroin,3,n.海洛因,,149,149
2069,28,hijack,2,vt.控制，操纵；劫持（飞机、车辆或船）,,149,149
2070,28,hint,2,"vt./vi.暗示；透露
n.暗示；秘诀",,149,149
2071,28,hip,2,"n.髋部；臀部
a.时髦的，新潮的",,149,149
2072,28,hitherto,3,ad.迄今；到目前为止,,149,149
2073,28,holy,3,a.神圣的；虔诚的,,149,149
2074,28,hook,3,"n.鱼钩；挂钩
vt./vi.（使）挂住，钩住",,149,149
2075,28,humorous,2,a.诙谐的，幽默的,,149,149
2076,28,impair,3,vt.损害；妨碍；削弱,,149,149
2077,28,incidence,2,n.发生率,,149,149
2078,28,incidentally,4,ad.顺便提一下；偶然；附带地,,149,149
2079,28,indulge,3,"vt.纵容，放纵
vt./vi.沉溺（于……）",,149,149
2080,28,inertia,3,n.惯性；缺乏活力；惰性,,149,149
2081,28,input,3,"n.投入；输入；输入的信息
vt.输入",,150,150
2082,28,instalment,2,n.一期付款,,150,150
2083,28,intimate,3,"a.亲密的；密切的
vt.透露；暗示",,150,150
2084,28,intrinsic,3,a.本身的；固有的,,150,150
2085,28,junior,3,a.初级的，职位低的,,150,150
2086,28,kindness,3,n.好意；体贴,,150,150
2087,28,kit,2,n.成套工具；成套设备；配套元件,,150,150
2088,28,knot,2,"n.结
vt.把……打成结（或扎牢）",,150,150
2089,28,latitude,2,n.选择的自由；纬度地区,选择的自由,150,150
2090,28,laundry,3,n.待洗的衣物；洗衣店；洗衣房,,150,150
2091,28,leap,3,"n.激增；骤变
vt./vi.跳；跳跃
vi.突然做",,150,150
2092,28,levy,3,"n.税款，税额
vt.征收，收取",,150,150
2093,28,likelihood,3,n.可能；可能性,,150,150
2094,28,linger,2,vi.花很长时间做（某事）；逗留；继续存留,,"150,151",150
2095,29,load,3,"n.负载；工作量；装载量
vt./vi.装入，装上",,151,151
2096,29,log,2,"n.原木；航海日志
vt.记录；行驶，行进",,151,151
2097,29,loosen,3,vt./vi.放松（控制）；（使）（关系）弱化,,151,151
2098,29,lounge,2,"n.（宾馆等的）公共休息室
vi.（懒洋洋地）坐",,151,151
2099,29,loyalty,3,n.忠诚；忠实；忠心,,151,151
2100,29,lumber,3,n.木材；不用的大件物品,,151,151
2101,29,lump,3,"vt.把……归并一起
n.块",,151,151
2102,29,marathon,3,"n.马拉松赛跑
a.马拉松式的",,151,151
2103,29,march,3,"n.示威游行；抗议游行；进行曲
vi.行军",,151,151
2104,29,mask,3,"vt.掩盖，掩饰
n.面罩；口罩",,151,151
2105,29,mayor,3,n.市长,,151,151
2106,29,medieval,3,a.中世纪的,,151,151
2107,29,menace,2,"n.威胁；祸害
vt.威胁；恐吓",,152,152
2108,29,mercury,3,n.汞；水银,,152,152
2109,29,mercy,2,n.仁慈；宽恕,,152,152
2110,29,mill,3,"n.工厂；制造厂
vi.（用磨粉机）碾碎",,152,152
2111,29,molecule,4,n.分子,,152,152
2112,29,momentum,3,n.势头，动力,,152,152
2113,29,monster,3,"n.怪物，怪兽
a.巨大的；庞大的",,152,152
2114,29,mould,2,"vt.将……塑造成
n.霉菌；霉",,152,152
2115,29,municipal,3,a.市政的；地方政府的,,152,152
2116,29,murder,2,"n.谋杀；凶杀
vt.谋杀；凶杀",,152,152
2117,29,necklace,2,n.项链,,152,152
2118,29,nickname,3,n.绰号；外号,,152,152
2119,29,nursery,3,"n.托儿所
a.幼儿教育的",,152,152
2120,29,obedient,2,a.顺从的；忠顺的,,"152,153",152
2121,29,obey,3,vt./vi.遵守；服从；顺从,,153,153
2122,29,odds,3,n.不利条件；（常用the odds）概率,,153,153
2123,29,offspring,3,n.孩子；子女；后代,子女；后代,153,153
2124,29,organism,2,n.有机体；生物；有机组织（体系）,有机体；生物,153,153
2125,29,overlap,2,"vt./vi.（范围方面）部分重叠
n.交叉的数量，重叠部分",,153,153
2126,29,overwhelm,3,vt.压垮；使应接不暇；击败；征服,,153,153
2127,29,palace,3,n.宫殿；王室,,153,153
2128,29,parachute,2,"vi.跳伞
n.降落伞",降落伞,153,153
2129,29,paradise,2,n.乐园，完美去处；天堂,,153,153
2130,29,parcel,2,"n.包裹；小包
vt.打包；裹好",,153,153
2131,29,pastime,2,n.消遣；休闲活动,,153,153
2132,29,patrol,2,"vt./vi.巡逻；巡查
n.巡逻；巡查",,153,153
2133,29,petition,3,"n.请愿书；诉状
vt./vi.请愿；诉求",,153,153
2134,29,pirate,3,"n.盗版者
vt.窃用；盗印",,"153,154",153
2135,29,plateau,3,"n.稳定期；停滞期
vt.达到稳定水平（阶段）",,154,154
2136,29,plead,3,vt./vi.恳求，祈求，央求,,154,154
2137,29,plot,3,"n.故事情节；阴谋
vt./vi.密谋；暗中策划",,154,154
2138,29,plug,3,"n.插头；（电源）插座
vt.把……塞住；堵塞",,154,154
2139,29,plunge,3,"vt./vi.（使）突然陷入
vi.骤降，暴跌",,154,154
2140,29,poison,2,"n.毒药；毒物；毒素
vt.毒害；毒杀",,154,154
2141,29,portrait,3,n.肖像；画像,,154,154
2142,29,pottery,2,n.陶器；制陶手艺,,154,154
2143,29,preach,2,"vt./vi.布道，讲道；宣传，宣扬
vi.说教",,154,154
2144,29,presumably,3,ad.很可能；大概,,154,154
2145,29,prey,2,n.猎物；受骗者,,154,154
2146,29,prose,3,n.散文；散文体,,154,154
2147,29,protein,2,n.蛋白质,,154,154
2148,29,prudent,3,a.谨慎的；慎重的；精明的,,155,155
2149,29,pyramid,3,n.金字塔；金字塔式结构（或组织、体系）,,155,155
2150,29,queue,3,"n.（人或车辆为等候而排的）队
vi.排队（等候）",,155,155
2151,29,radar,3,n.雷达,,155,155
2152,29,radius,2,n.半径范围；周围,,155,155
2153,29,rank,3,"vt./vi.给……评名次
n.级别，地位",,155,155
2154,29,realm,3,n.（知识、活动、思想的）范围，领域；王国,,155,155
2155,29,reckon,3,vt.认为……是……；估计，估算；预计；料想,,155,155
2156,29,refrain,2,"n.反复说的话；老调
vi.避免；克制",,155,155
2157,29,refresh,3,vt.使变新；使恢复精力；使凉爽；使记起；提醒,,155,155
2158,29,reign,3,"n.统治时期；主宰期
vi.统治；当政",,155,155
2159,29,remains,3,n.遗迹；遗址；遗骸；遗体,,155,155
2160,29,repeatedly,3,ad.一再，多次,,155,155
2161,29,republic,3,n.共和国；共和政体,,155,155
2162,29,residence,2,n.住宅，住所；定居；居住,住所；居住,156,156
2163,29,revolutionary,3,"a.革命性的；突破性的；革命的
n.革命者",革命的,156,156
2164,29,rid,2,vt.使……去除；使……摆脱；消除；摆脱,,156,156
2165,29,rigorous,2,a.严格的；严厉的；细致的；谨慎的,,156,156
2166,29,rip,3,"vt./vi.撕，扯
vt.猛力扯去",,156,156
2167,29,roast,3,"a.烤的；焙的
vt./vi.烘，烤，焙（肉等）",,156,156
2168,29,rob,3,vt.抢劫；盗取,,156,156
2169,29,rumour,3,n.谣言；传闻,,156,156
2170,29,savage,2,"n.野蛮人
a.凶恶的；凶残的；野蛮的",野蛮人,156,156
2171,29,scatter,3,"vt.撒；撒播
n.（散放的）摊",,156,156
2172,29,scholarship,3,n.奖学金；学术研究；学问；学术,,156,156
2173,29,scorn,2,"vt.不屑于接受；鄙视
n.轻蔑；鄙视",,156,156
2174,29,scrap,2,"n.碎片；小块
vt./vi.取消；废弃；打架",,156,156
2175,29,scream,2,vt./vi.（因愤怒或恐惧）高声喊，大声叫,,"156,157",156
2176,29,seemingly,3,ad.貌似；看似,,157,157
2177,29,semester,2,n.学期,,157,157
2178,30,semiconductor,2,n.半导体,,157,157
2179,30,shake,2,"n.摇晃，摇动；奶昔
vi.发抖，颤抖",,157,157
2180,30,shed,2,"vt.去除；摆脱；流；洒
n.棚屋",,157,157
2181,30,sheer,2,a.陡峭的；垂直的；纯粹的，完全的,纯粹的,157,157
2182,30,shield,2,"vt.保护；防护
n.保护物；保护人",,157,157
2183,30,shove,2,"vt./vi.推挤
vt.乱放
n.猛推",,157,157
2184,30,simplicity,2,n.简明；简易；淳朴；质朴,,157,157
2185,30,sink,3,"vt.使下沉；使沉没
vi.沉没；下沉
n.洗碗槽",,157,157
2186,30,skilful,2,a.熟练的；处理巧妙的,,157,157
2187,30,slack,3,"vi.懈怠；怠惰
a.懒散的；懈怠的；松弛的",,157,157
2188,30,slot,3,"n.窄缝；时段
vt./vi.投放；插入",,158,158
2189,30,slum,3,n.贫民窟，贫民区,,158,158
2190,30,soak,3,"vt./vi.泡，浸
vi.长时间泡浴",,158,158
2191,30,sociology,3,n.社会学,,158,158
2192,30,sow,2,vt./vi.播种；种,,158,158
2193,30,spin,2,vt./vi.（使）旋转；纺（线）；纺（纱）,,158,158
2194,30,splash,2,vi.（液体）哗啦作响地溅泼,,158,158
2195,30,spray,2,"vt./vi.喷；喷洒
n.喷剂，喷雾的液体",,158,158
2196,30,spur,2,vt.促进，刺激；激励，鼓励,,158,158
2197,30,stadium,3,n.体育场；运动场,,158,158
2198,30,stall,3,"n.摊位；货摊
vt./vi.搁置；暂缓",,158,158
2199,30,stare,2,"vi.盯着看；凝视
n.凝视，注视",,158,158
2200,30,steam,2,"n.蒸汽；水蒸气
vt./vi.蒸（食物）",,158,158
2201,30,steep,2,a.急剧的；突然的；陡峭的；陡的,,159,159
2202,30,stereotype,3,n.成见；模式化形象,,159,159
2203,30,steward,2,n.保护者，负责人；管家；管理员,,159,159
2204,30,stiff,3,a.激烈的；艰难的；（肌肉或关节）酸痛的,,159,159
2205,30,stir,3,"vt.激发；打动；搅和；搅拌
n.震动",,159,159
2206,30,stove,3,n.厨灶；炉头；（用于取暖的）炉子，火炉,,159,159
2207,30,straw,2,n.吸管；麦秆，禾秆,,159,159
2208,30,stride,2,"n.进展；进步；步伐
vi.大步走",,159,159
2209,30,striking,3,a.惊人的，显著的；俊秀的；标致的,显著的,159,159
2210,30,strip,3,n.狭长区域；带状（陆地、水域）,,159,159
2211,30,stripe,2,n.种类；类别；条纹；线条,,159,159
2212,30,strive,2,vi.努力，奋斗,,159,159
2213,30,subsidy,3,n.补贴；津贴,,159,159
2214,30,successive,3,a.接连的；连续的,,159,159
2215,30,surgeon,2,n.外科医生,,"159,160",159
2216,30,surveillance,3,n.监视；看守,,160,160
2217,30,tank,3,n.（盛放液体或气体的）箱，缸,,160,160
2218,30,tease,2,"vt./vi.取笑；戏弄
vt.梳理；招惹，逗弄（动物）",,160,160
2219,30,telegraph,2,"n.电报（通信方式）
vt./vi.（给……）发电报",电报,160,160
2220,30,temptation,3,n.诱惑；引诱,诱惑；引诱,160,160
2221,30,terrific,2,a.极好的，极棒的,,160,160
2222,30,theoretical,3,a.理论的,,160,160
2223,30,thick,3,a.厚的；粗的；有……厚的,,160,160
2224,30,thoughtful,3,a.沉思的，深思的；体贴的；关切的；周密的,,160,160
2225,30,thrift,2,n.节俭；节约,,160,160
2226,30,throat,2,n.咽喉；喉咙,,160,160
2227,30,throne,2,n.王位；王权；帝位,,160,160
2228,30,timely,3,a.适时的，及时的,,160,160
2229,30,tissue,2,n.（人、动植物细胞的）组织,,160,160
2230,30,token,3,"n.代币；（情感的）表示
a.象征性的",,161,161
2231,30,toll,2,n.严重的不良影响；（道路、桥梁的）通行费,通行费,161,161
2232,30,tomb,3,n.坟墓,,161,161
2233,30,tow,2,"vt.（用绳索）拖，拉
n.牵引",,161,161
2234,30,tragic,2,a.悲惨的，不幸的；悲剧的,,161,161
2235,30,tram,2,n.有轨电车,,161,161
2236,30,transient,3,a.短暂的；转瞬即逝的；流动性的,,161,161
2237,30,tray,2,n.盘；托盘；（各种用途的）浅盘,,161,161
2238,30,tribe,2,n.部落；族（指动植物的一类）,部落,161,161
2239,30,trivial,3,a.不重要的；琐碎的；微不足道的,,161,161
2240,30,troop,3,n.一群；一队；军队；部队,,161,161
2241,30,tropical,3,a.热带的；产于热带的,,161,161
2242,30,trumpet,2,vt.吹嘘；宣扬；小号,吹嘘；宣扬,161,161
2243,30,turbine,3,n.涡轮机；汽轮机,,161,161
2244,30,turnover,2,n.人事变动率，人员流动率,,"161,162",161
2245,30,uneasy,3,a.焦虑的；不安的；不稳定的；不确定的,,162,162
2246,30,unfold,3,vt./vi.（使）逐渐展现；透露；（使）展开；打开,,162,162
2247,30,utmost,3,"n.最大可能；极限
a.极度的；最大的",极度的,162,162
2248,30,verge,2,"n.路边
vi.趋向；倾向",,162,162
2249,30,versus,2,prep.（比赛或诉讼中）对，诉；与……相比,,162,162
2250,30,vertical,3,a.竖的；垂直的；纵向的,,162,162
2251,30,virus,2,n.病毒；（计算机）病毒,,162,162
2252,30,weird,3,a.古怪的，奇异的；诡异的；离奇的,,162,162
2253,30,wheat,2,n.小麦,,162,162
2254,30,wit,2,n.风趣；才思；机智幽默的人,,162,162
2255,30,wonderful,3,a.精彩的；绝妙的；极好的,,162,162
2256,30,workout,2,n.训练；体育锻炼,,162,162
2257,30,worm,3,"n.蠕虫
vt.曲折行进，蠕动",,162,162
2258,30,worship,3,"vt./vi.敬奉；信奉
n.崇拜，礼拜",,"162,163",162
2259,30,wound,3,n.（心灵上的）创伤；（身体上的）伤，伤口,,163,163
2260,30,youngster,3,"n.孩童；年轻人
n.风趣；才思；机智幽默的人",,163,163
