序号,Unit,单词,真题词频,完整释义（保留红色）,标红释义
1,1,radiate,0,v.发出，发射出（光、热等)，辐射，发射，发散，显露出,辐射；发散
2,1,radiant,0,adj.发光的，辐射的，照耀的，容光焕发的，满面春风的，极漂亮的,发光的；辐射的；容光焕发的
3,1,radical,0,adj.根本的，基本的;彻底的，过激的;激进的nm.激进分子,根本的；彻底的；激进的
4,1,object,0,n.物体，实物;（情感、思想和行动的)对象，客体，目的，宗由;宾语v(to)反对，不赞成,物体；对象；反对；不赞成
5,1,objective,0,adj.客观的，如实的，无偏见的nm.目的，宗旨,客观的；目的
6,1,objection,0,"反对,异议",反对；异议
7,1,obligation,0,n.义务，责任,义务；责任
8,1,oblige,0,vt.强迫，人迫使，施恩惠于，帮……的忙【解】v.使感激,强迫；迫使；使感激
9,1,obscure,0,vt.使变暗，路蔽，使变模糊，混淆adj.费解的，不分明的;不著名的【解】adj.无名的，鲜为人知的,并蔽；使变模糊；费解的；无名的；鲜为人知的
10,1,observation,0,n.观察，观测，监视，言论，观察资料或报告,观察；观测；言论
11,1,observe,0,v.观察，注意到，遵守，奏行规则、法律、习俗等)；（尤指就注意到或深思部虑,观察；注意到；遵守；说话；评论；评述
12,1,obsession,0,迷住，牵挂，居念，蒙绕于心的事物或人,迷住
13,1,obsolete,0,adj.废弃的，淘汰的;过时的，陈旧的,淘汰的；过时的
14,1,obtain,0,vt.获得，得到;存在，流行，沿缆,获得；得到
15,1,obvious,0,adj.明显的，显而易见的，平汉无奇的，不必要的,明显的；平淡无奇的
16,1,ideal,0,adj.理想的，完美的，空想的，理想主义的，想象的n.理想,理想的，完美的；理想
17,1,ideology,0,n.思想意识，观念形态，思想方式，思想体系,思想体系
18,1,identical,0,adj.同一的;（完全)相同的，一模一样的,（完全)相同的；一模一样的
19,1,identification,0,n.识别，鉴别，确认;身份证明,识别；身份证明
20,1,identify,0,v.认为……等同于，使等同于，识别，鉴别，确认，认出,识别；鉴别；认出
21,1,identity,0,n.相同性，一致（性)，本身，本体，身份,本身；本体；身份
22,1,journal,0,n.（（尤指某学科或专业的)定期刊物，杂志，报纸，日志，日记,定期刊物；杂志；日志
23,1,journalist,0,n.记者，新闻工作者,记者；新闻工作者
24,1,journey,0,n.旅行，旅程vi旅行,旅行
25,1,judge,0,"n.法官,审判员，裁(评)判员，鉴赏家vt.审判,判决评定，裁判，断定,判断",审判员；裁(评)判员；判决；判断
26,1,judgment,0,n.审判（多作不可数)，判决;判断力，识别，看法,审判；判决；判断力；看法
27,1,judicial,0,adj.法庭的，司法的，审判的，公正的，明断的,司法的
28,1,jury,0,n.陪审团，全体陪审员，评判委员会,陪审团；评判委员会
29,1,jurisdiction,0,n.司法权，审判权，管辖权;管辖区域，管辖范围,司法权；管辖权；管辖区域；管辖范围
30,1,justice,0,n.人公平，公正，合理，审判，司法（制度)，法律制裁【解】n.法官,公平；公正；合理；法官
31,1,justify,0,vt.证明……正当（或有理、正确),证明……正当（（或有理、正确)
32,1,label,0,n.标签，标记，标号vt.（as)加标签于，把……称为，把……归类为,标签；加标签于
33,1,lag,0,v.走得慢，落后，滞留，给（管道等)加保温层,落后
34,1,largely,0,adv.大量地，大规模地;主要地，基本上,大量地；主要地；基本上
35,1,lateral,0,adj.侧面的，旁边的，横向的,侧面的；旁边的；横向的
36,1,latter,0,adj.后一半的，末了的pron.后者,后一半的；后者
37,1,law,0,n.法律，法令，法规，法则【解】n.规律，定律,法律；法规；规律；定律
38,1,lawsuit,0,"诉讼,起诉",
39,1,magnitude,0,n.巨大，广大，星等，震级;重大，重要性,巨大；重要性
40,1,magnify,0,v.放大，扩大，夸大，夸张,放大；扩大
41,1,magnificent,0,adj.壮观的，壮丽的，宏伟的,壮丽的；宏伟的
42,1,maintain,0,vt.维持，保持，维修，保养，购养，供给;坚持，主张,维持；保持；保养；坚持；主张
43,1,maintenance,0,n.（（状态、进程等的)维持，保持;（建筑物、机器、道路等的)维修，保养，;（依法应负担的)生活费，购养费,维持；保养
44,1,major,0,adj.(较)大的，(较)重要的n.专业，主修科，专业学生，少校v(in)主修，专攻,(较)大的；(较)重要的；专业；主修
45,1,majority,0,n.多数，大多数，半数以上，票数差距，多得的票数【解】n.法定年龄;成年,大多数；法定年龄；成年
46,1,make,0,vt.做，制造，构成，组成;成为，使成为;强迫，人迫使【解】v.走过（一段距离)，促成，成就,做；制造；构成；强迫；走过（一段距离)；促成；成就
47,1,theme,0,n.（演讲、文章或艺术作品等的)主题，题目，中心思想,主题
48,1,theory,0,n.理论，原理，学说，见解，看法,理论；学说
49,1,theoretical,0,adj.理论上的;假设的,理论上的
50,1,therapy,0,n.（治)疗法，理疗,
51,1,qualification,0,n.资格，合格，限定，限制性条件;合格证,资格；限制性条件；合格证
52,1,qualify,0,v.使具有资格，证明合格，使有权（（做某事)，限制，限定，修饰,使具有资格；使有权〔（做某事)；修饰
53,1,quality,0,n.质量，品级;性质，特性，品德，品质，优质，上乘,质量；性质；特性；品德；品质；优质
54,1,qualitative,0,adj.性质上的，质量的,性质上的
55,1,safeguard,0,vt.维护，保护，捍卫n.防护措施，安全措施,维护；保护；捍卫；防护措施
56,1,safety,0,n.安全，保险，安全性，安全场所,安全；保险；安全场所
57,1,savage,0,adj.野蛮的，未开化的;凶恶的，残暴的nm.未开化的人，枝蛮人vt.猛烈择击，激烈批评;（动物等)凶猛地攻击,野蛮的；残暴的；未开化的人；野蛮人；猛烈择击
58,1,save,0,v.救，拯救，储蓄，贮存;节省【解】prep./conj.除了……之外,救；拯救；储萤；节省；除了……之外
59,1,saving,0,"n.节约，节俭;储迟金,存款",节约；存款
60,1,scale,0,"nm刻度，标度，天平，磅秤，比例，比例尺，规模，程度,范围",刻度；天平；磅秤；规模；程度；范围
61,1,scene,0,n.景色，景象，舞台（（多用于比喻)，(戏)一场，(事件发生的)现场，地点【解】n.争吵，吵闹,景色；舞台；现场；地点；争吵；吵闹
62,1,scenery,0,n.风景，舞台布景,风景；舞台布景
63,1,pace,0,"步，步速，步伐，速度，节奏v踊方步,肛步",步伐；速度
64,1,panel,0,n.面，板，控制板，仪表盘;专门小组,面；板；仪表盘；专门小组
65,1,panorama,0,n.全景，全景画，全景摄影，概论，概述，概观,全景；全景画；全景摄影
66,1,prove,0,光.证明，证实;检验，考验，鉴定，结果是，表明是;展现，显示（自己的才能),证明；证实；表明是；显示
67,1,provide,0,vt.提供，供给，给予【解】v(法律或协议)规定,提供；供给；规定
68,1,provided,0,conj.倘若，只要，假如，在……条件下,倘若；假如；在……条件下
69,2,mediate,0,v.调停，调解，坦旋，为解决分歧找到（方法)，促成（协议)，影响……的发生，使……可能发生,调解
70,2,meditation,0,n.沉思，冥想，深思部虑，苦思冥想,沉思；冥想；深思熟虑
71,2,medium,0,n.中间，中庸，媒介（物)，介质，媒体;传导体;手段，工具，方法adj.中等的，中号的,媒介(物)；媒体；方法；中等的
72,2,media,0,n.(the~)媒体，传媒,(the~)媒体；传媒
73,2,elaborate,0,adj.精心计划（（或制作)的，详尽的，复杂的v精心制作；(on，upon)详述（计划、说明),精心计划（（或制作)的；详尽的；复杂的；精心制作；详述
74,2,elegant,0,adj.优雅的，优美的，精致的，简练的，简洁的,优雅的；简练的
75,2,element,0,n.元素，要素，组成部分，基本部分，有点，有些，少量;(学科的)基本原理，基础，纲要;（尤指动物的)自然环境，适宜的环境,元素；要素；组成部分
76,2,elementary,0,adj.初等的，基本的;简单的，容易的,初等的
77,2,eliminate,0,排除，消除;（比赛中)淘汰;消灭（尤指敌人或对手),排除；消除；淘汰
78,2,abolish,0,心废止，废除（法律、制度、习俗等),废除
79,2,absence,0,n.(from)缺勤，缺席，不在场;缺乏，没有,缺席；缺乏
80,2,absent,0,adj.不在场的，缺席的，漫不经心的，茫然的,缺席的；漫不经心的
81,2,abroad,0,adv.到国外，在国外，广为流传,到国外；在国外；广为流传
82,2,absolute,0,adj.纯粹的，完全的，十足的，绝对的;不受任何限制（或约束)的;无疑的，肯定的，确实的,完全的；绝对的；不受任何限制（或约束)的；肯定的；确实的
83,2,absorb,0,"\避吸引…的注意;占去时间、注意力等);承受忍受;吸进,吸收(液体、气体等)",吸引…的注意；承受；吸收
84,2,abstract,0,adj.抽象的_n.（书、文、案情等的)摘要，梗概vt.提取，抽取,抽象的；摘要
85,2,ban,0,vt.（官方明令)禁止，取缔n.禁止，禁令,禁止；取缔；禁令
86,2,bar,0,n.条，块，杆，棒;酒吧，酒柜vt.门（门、窗等)，禁闭，封锁，禁止,酒吧；封锁；禁止
87,2,bare,0,adj.赤裸的，光秃的，基本的，微小的;仅仅的，光是的（=mere),赤裸的；基本的；仅仅的
88,2,barely,0,adv.赤裸裸地，无遮蔽地;空空地，仅仅，勉强;几乎不,赤裸裸地；仅仅；几乎不
89,2,bargain,0,n.廉价货，交易，契约，人合同v(foroverabout)议价(讨价还价);成交,廉价货；交易；合同；议价
90,2,capable,0,adj.有能力的，能胜任的,有能力的
91,2,capacity,0,n.才能，能力;生产力;接受能力;容量，容积,能力；生产力；容量
92,2,capital,0,n.首都，首府，大写字母，资本，资金adj.首位的，最重要的;基本的;应处死刑的,首都；首府；资本；资金
93,2,captive,0,adj.被俘的，被监禁的mn.俘虏，囚徒，战俘,被监禁的；俘虏；囚徒
94,2,capture,0,"vt.人俘虏，捕获，夺得,攻占nm.俘虏，捕获(物)【解】v.准确的表达，描绘",捕获；攻占；准确的表达；描绘
95,2,career,0,n.生涯，经历，职业adj.职业的,生涯；职业
96,2,careful,0,adj.小心的，仔细的，细致的，精心的,仔细的；细致的；精心的
97,2,case,0,n.事例，事实，事情;病例;案件,事例；事实；案件
98,2,cast,0,"v.投，扔，抛,撒，掷，分配…扮演某角色，为戏剧、角色)选派演员；铸造，浇铸",投；掷；铸造；浇铸
99,2,casual,0,adj.偶然的，无计划的，随便的，非正式的,随便的；非正式的
100,2,casualty,0,n.（战争或事故中的)伤亡者，牺牲品,伤亡者；牺牲品
101,2,catch,0,"v（caught)所住，捕获,;赶上，搭上(车、船等)，感染，得病，理解，听异",捉住；捕获；赶上
102,2,category,0,n.（（人或事物的)类别，种类，类目,类别；种类
103,2,cater,0,v(for)提供饮食，承办酒席；(for，to)提供节目，满足需要，迎合,提供饮食；满足需要；迎合
104,2,cause,0,泌导致，引起mn.原因，起因，理由，缘故，事业，(奋斗的)目标,导致；引起；原因；事业；目标
105,2,caution,0,n.谨慎，慎重，警告vt警告，提醒,谨慎；警告；提醒
106,2,cautious,0,adj.(of)小心的，遵慎的,小心的；遵慎的
107,2,cease,0,v.人停止，终止，结束,停止；终止；结束
108,2,celebrate,0,v.庆祝；针美,庆祝；赞美
109,2,celebrity,0,n.名人，知名人士;名声，名望,名人；知名人士；名声
110,2,ceremony,0,n.典礼，仪式，礼节，礼仪,典礼；仪式
111,2,certain,0,adj.确定的，肯定的，某，某些，轻微的，一点，一些,确定的；某些
112,2,certainty,0,n.必然，确定，肯定，必然的事，确定的事,确定；肯定
113,2,certificate,0,n.证（（明)书，执照,证（明)书
114,2,certify,0,光证明，证实，发证书（或执照),证明；证实
115,2,decline,0,"mn.下降，减少，豪退，衰落，借作v拒绝，谢绝，下降,减少",下降；衰退；拒绝；谢绝
116,2,decrease,0,v.减少，减小,减少
117,2,decree,0,n.法令;政令;裁定，判决v和颁布法令，下达政令，发出命令,判决
118,2,deem,0,尼认为;相信,相信
119,2,dedicate,0,vt(to)奉献，把……用在,奉献
120,2,deduce,0,vt.演绎，推论,演绎；推论
121,2,deduct,0,vt(from)减去，扣除;(演绎地)推论,减去；扣除
122,2,fashion,0,n.方式，样子，流行式样，时尚，时装,方式；流行式样；时尚
123,2,fashionable,0,adj.流行的，时兴的，时旷的，时胡人物使用的;（尤指)有钱人常光顾的,流行的；时党的
124,2,favour,0,n.恩惠，善意的行为，好感，喜爱，偏爱，特殊照顾vt喜爱，人偏爱，赞同，支持，拥护，有利于,恩惠；偏爱；赞同；支持；拥护
125,2,favorable,0,adj.赞许的，有利的,壮许的；有利的
126,2,favorite,0,"adj.最喜欢的，中意的nm,最喜爱的人或物",最喜欢的；最喜爱的人或物
127,2,sit,0,v.坐，就座；(for)参加考试，代人临时看小孩【解】v（在…中)任职,坐；参加考试；(在…中)任职
128,2,site,0,n.位置，场所，地点;遗址vt.使坐落在;设置,位置；场所；地点；遗址；使坐落在
129,2,situate,0,v.使位于，使坐落于；（常用做比喻)将……置于，使联系,使位于；使坐落于；使联系
130,2,situation,0,n.形势，状况，职位，职务，工作；位置，环境,形势；状况；环境
131,2,skeleton,0,n.骨骼，骨架，框架，梗概，提要;(维持运作所需的)最少人员、最基本的服务等,梗概；提要
132,2,skeptical,0,adj.怀疑的，无神论的,怀疑的
133,2,sketch,0,mn素描，速写，草图，略图，概述，岗要v夯素描，画速写，概述，简述,素描；速写；草图；概述
134,3,embrace,0,v.拥抱;（欣然)接受;包含，包括n.拥抱,拥抱;（欣然)接受；包括
135,3,embed,0,vt.使播入，使嵌入;深留（记忆中),使插入；使嵌入
136,3,embody,0,\t使具体化，表现;收录，包括,使具体化；表现；包括
137,3,embryo,0,n.胚，胚胎，萌芽状态,胚胎；萌芽状态
138,3,elicit,0,v.引出（真理等)，探出，诱出（回答等),引出；诱出
139,3,elite,0,n.[总称]出类拔某的人（或物)，精英，精华，上层人士，掌权人物，实力集团，精锐部队adj.精英的，精锐的,精英；上层人士；掌权人物；精英的
140,3,elsewhere,0,adv.在别处，向别处,在别处
141,3,thirst,0,n.渴，口渴【解】n./v(for)渴望，渴求,口光；渴望；渴求
142,3,thorough,0,adj.彻底的，完全的;精心的,彻底的；完全的
143,3,though,0,conj.虽然，尽管。adv.可是，然而,虽然；尽管；可是；然而
144,3,thought,0,n.思想，思维，思考;想法，观念,思想；想法
145,3,thoughtful,0,adj.认真思考的，沉思的，有心事的;体贴的，关心的,沉思的；体贴的
146,3,threat,0,nn恶环，威肪，坏兆头，危险迹象,和恐吓；威胁
147,3,threaten,0,v.恶吓，威胁，有……危险快要来临,入吓；威胁
148,3,update,0,更新，使现代化,更新；使现代化
149,3,upgrade,0,vt.提高，使升级，改善,提高；使升级；改善
150,3,uphold,0,vt.举起，高举；支持，维护，赞成,举起；维护；赞成
151,3,upset,0,v.使心烦意乱，使苦恼，打乱，搅乱，弄翻，打翻,打乱；搅乱；打翻
152,3,up-to-date,0,adj.时新的，新式的，现代化的,现代化的
153,3,ventilate,0,v.使通风，使空气流通，公开讨论（问题、意见等),使通风
154,3,venture,0,"n.冒险，冒险行动，投机行动,（冒险)事业v冒险,用…进行投机，敢于，敢说",冒险；投机行动；愤险
155,3,widespread,0,adj.遍布的，普遍的,饥布的；普遍的
156,3,win,0,v(won)（（获)胜，赢得;达到，获取nm.赢，胜利,（获)胜；赢得；赢；胜利
157,3,wit,0,n.智力，才智,智力
158,3,withdraw,0,v.抽回，收回，提取；取消，撤回，撤退，离开,提取；撤回；撤退
159,3,witness,0,n.目击者，见证人;证据，证言v目击，目上暑，作证，证明,目击者；目击；作证
160,3,inaugurate,0,v.为（某人)举行就职典礼，为……举行落成仪式，引进，开创，开始,开创；开始
161,3,incentive,0,n.刺激，奖励，动机，诱因,刺激；奖励；动机
162,3,incidence,0,n.发生（（率)；影响（范围、方式、程序),发生（率)
163,3,incident,0,n.事件，事变,事件；事变
164,3,incidentally,0,adv.偶然地，附带地，顺便提及,顺便提及
165,3,incline,0,v.倾斜，(to)（性格上)倾向，喜欢，爱好;(to)趋向，趋势,倾斜；倾向
166,3,academic,0,adj.学院的，学术的,学院的；学术的
167,3,academy,0,n.学院,学院
168,3,accelerate,0,"v（使)加速,（使)加快,（使)增速，加速，加快","（使)加速,（使)加快"
169,3,accept,0,v.接受，认可，同意，承认,接受；认可；同意
170,3,acceptance,0,n.接受;承认，认可,接受；认可
171,3,access,0,n.接近，进入;接近（或进入)的机会，享用机会入口，通道vt.存取，访问（计算机文件),接近；进入；接近（（或进入)的机会；入口；存取；访问
172,3,accessory,0,n.附件，配件，附属物，从犯adj.附属的，辅助的,附件；配件；附属的
173,3,begin,0,vv开始，创始，开始讲话,开始
174,3,beginning,0,n.开端，开始；(pl.)初级阶段源于,开端；开始；初级阶段
175,3,behalf,0,n.利益，代表,利益；代表
176,3,behave,0,v.举止端正，听话，表现，行为;（机器等)运转,举止端正；表现
177,3,behavior,0,行为，举正，表现方式;特性,行为；举止；表现方式
178,3,belief,0,n.信仰，信条；相信，信念,信仰；信条；信念
179,3,believe,0,v.相信，信任;(in)信仰，相信存在,相信；信任
180,3,belong,0,vi(to)属于，附属，隶属，应归入（类别、范畴等),属于；附属；应归入
181,3,beneficial,0,adj.（to)有益的，有好处的,有益的
182,3,benefit,0,n.利益，好处，恩惠vv有益于，受益于【解】n.救济金，奖金，补贴,利益；好处；受益于；救济金；奖金；补贴
183,3,benevolent,0,adj.善意的，仁节的,善意的
184,3,benign,0,adj.（病)良性的;（气候)良好的;（人或行为)仁慈的，和欧的,良性的；仁慈的；和芒的
185,3,challenge,0,vt.向…挑战，对…质疑，公然反抗，需要，要求;考验（某人的)能力，激励n.挑战;艰苦的任务，努力追求的目标,向…挑战；对…质疑；挑战；艰苦的任务
186,3,chance,0,n.机会，可能性，偶然性，运气v磁巧，偶然发生,机会；可能性；偶然性；碰巧；偶然发生
187,3,change,0,"mn改变，变化，零钱，找头。v.交换，兑换，改变,变化",改变；变化；交换
188,3,channel,0,n.海峡，水道，频道，波段;路线【解】n.途径,海峡；频道；途径
189,3,character,0,n.（（事物的)性质，特性;（（人的)品质，性格;（小说、戏剧等的)人物，角色;（书写或印刷)符号，(汉)字,特性；品质；性格；人物；角色；符号，(汉)字
190,3,characterise,0,尼表示瑟汪的特性，揪述…特性,表示……的特性；描述……特性
191,3,characteristic,0,n.特征，特性adj.(of)特有的，独特的,特征；特有的；独特的
192,3,defend,0,必了防御，防卫，保卫;为……辩护，为……答辩,防御；保卫
193,3,define,0,vt.规定，限定，使明确，使清楚，解释，给……下定义,规定
194,3,definite,0,adj.明确的，肯定的，限定的,明确的
195,3,definition,0,n.定义，解释;（物)清晰度,定义；清晰度
196,3,defy,0,\避.项视，(公然)违抗，反抗，使成为不可能,违抗；反抗
197,3,degree,0,n.程度，度数，学位;等级,程度；度数；学位；等级
198,3,delay,0,n./v.耽搁，延迟,耽搁；延迟
199,3,deliberate,0,"adj.慎重的,深思熟虑的;萤意的，故意的v(upon,overabout)仔细考虑，商议",深思部虑的；故意的
200,3,delicate,0,adj.纤弱的，精密的，微妙的，灵敏的,精密的；微妙的；灵敏的
201,3,deliver,0,"v.给(产妇)接生，分娩，投递，传送，运输;发表,宣布;给予;发射；释放,解救",投递；传送；发表
202,3,delivery,0,递送，交付;分焕,
203,3,fiction,0,n.虚构，编造!小说,虚构；小说
204,3,field,0,"n.田，田野，运动场,（电磁等)场【解】n,领域，范围，学科v处理",田；领域；范围；学科；处理
205,3,fierce,0,adj.凶猛的，残忍的，狂热的，强烈的,凶猛的；强烈的
206,3,fight,0,v.搏斗，打仗n.战斗，斗志,打仗；战斗
207,3,figure,0,n.数字;体形，图形，人物。v.算出，估计，推测,数字；人物；算出
208,3,finance,0,n.财政，金融，财务状况为……提供资金,财政；金融；财务状况
209,3,financial,0,adj.财政的，金融的,财政的；金融的
210,3,finding,0,mn裁决，判决调查研究)结果,调查（研究)结果
211,3,finite,0,adj.有限的，有限制的,有限的
212,3,firm,0,adj.坚固的，坚决的，坚定的nm.公司，商号,坚固的；坚定的；公司
213,3,first,0,adj.第一的，最重要的，首要的，最优秀的adv首先，第一，最初;（强调不愿意)宁可，宁愿n.空前的成就，前所未有的事情;（汽车、自行车等的)一档，最低档;英国大学,第一的；最重要的；首要的；第一；最初
214,3,fit,0,v(使)适合，(使)配合，适应;安装，装配【解】v.相符adj.(for，to)适合的，恰当的，健康的，强健的,适合；相符；适合的；健康的；强健的
215,3,global,0,adj.全球的，世界的,全球的
216,3,globe,0,n.球体，地球仪，地球，世界,地球；世界
217,4,abandon,0,vt.抛弃，遗弃，离弃，放弃,抛弃；放弃
218,4,abide,0,v.容忍，忍受;遵守，忠于;逗留，居住,容忍；遵守；逗留
219,4,ability,0,n.能力，智能，才能，才干,能力；才能
220,4,able,0,adj.有能力的，能和干的，显示出才华的,有能力的
221,4,abnormal,0,adj.反常的，异常的，变态的,反常的；异常的
222,4,background,0,n.背景，底色，背景情况，个人背景资料（学历、资历等),背景；背景情况
223,4,balance,0,v（使)平衡n.天平，秤有平衡，均衡，差额，结余，剑款,平衡；天平；均衡；余款
224,4,base,0,n.基础，底部，底座；基地，根据地；总部，大本营vt.(on/upon)把…基于，以…为依据,基础；基地
225,4,basement,0,n.地下室，建筑物的底部,地下室
226,4,basic,0,adj.基本（（础)的，根本的,基本（础)的
227,4,basis,0,n.基础，根据,基础；根据
228,4,calculate,0,v.计算，推算，估计，推测;（常用被动语态，后接不定式)计划，打算,计算；推测
229,4,call,0,v.喊，叫，打电话，把…叫做，称呼，称为【解】n./v(一fo号召，要求，需求,把…叫做；称呼；称为；号召；要求；需求
230,4,calm,0,adj.（天气、海洋等)静的，平静的，镇静的，沉着的n.有平静，风平浪静，v.使平静，使镇静;（使)平静，缓和,静的；平静的；镇静的；沉着的；平静
231,4,campaign,0,n.战役，运动，竞选活动发起运动，开展活动,运动；竞选活动；发起运动；开展活动
232,4,candidate,0,n.候选人，候补者，报考者，考生【解】n.合适的人，命定有某种结局的人,候选人；报考者；考生；合适的人；命定有某种结局的人
233,4,data,0,"n.,数据，资料",数据；资料
234,4,database,0,n.数据库,数据库
235,4,date,0,n.日期，年代，约会v注明……的日期，约会，鉴定年代,日期；年代；约会
236,4,dazzle,0,vt.（强光等)使目孩，兆眼，使惊奇，使倾倒n.半眼的光，闪耀物，令人赞叹的东西,使目眩；兆眼；钓眼的光
237,4,deal,0,v(with)处理，应对，做买卖，经营nm协议，交易，数量,处理，应对；经营；交易
238,4,dealer,0,n.商人,商人
239,4,debate,0,n./v.争论，辩论,争论；辩论
240,4,decade,0,n.十年,十年
241,4,decide,0,v.决定，下决心，解决，裁决,决定；下决心；裁决
242,4,decision,0,n.决定，决心;决议;决策,决定；决议
243,4,decisive,0,adj.决定性的，果断的，决断的,决定性的；果断的
244,4,decorate,0,vt.布置，装饰，授勋,装饰；授勋
245,4,economic,0,adj.经济（上)的;经济学的，有利可图的;合算的,经济(上)的；经济学的
246,4,economical,0,adj.节约的，节俭的，经济的;省时间的,节约的；节俭的；经济的
247,4,economics,0,n.经济学，经济原则;国家的经济状况,经济学；国家的经济状况
248,4,economy,0,n.节约，节省（人金钱、时间、资源等)；（国家的)经济管理，经济制度,节约；经济制度
249,4,educate,0,vt.教育，培养，训练,教育；培养；训练
250,4,education,0,n.教育，教育体制，知识;修养,教育；教育体制；知识
251,4,effect,0,n.on)作用，影响，结果;效果，效力vt产生，招致，实现,影响；结果；效果；实现
252,4,effective,0,adj.有效的，生效的，得力的,有效的；生效的
253,4,efficient,0,adj.有效的，效率高的，能胜任的,效率高的
254,4,efficiency,0,n.效率，功效,效率
255,4,effort,0,n.努力，艰难的党试,努力
256,4,fabric,0,n.织物;结构，组织,织物；结构
257,4,fabricate,0,vt.建造，制造，捏造，编造（谎言、借口等),制造；捏造；编造
258,4,face,0,n.脸，面貌，表情;正面，表面v面临着，朝，面向,脸；面和貌；表情；正面；表面；面临着
259,4,facet,0,n.部分，方面;（宝石的)琢面，刻面,部分；方面
260,4,factor,0,n.因素，要素;（数)因子，因数,因素；要素；因数
261,4,fade,0,vt.（颜色)褪去(声音等)变微弱;（光等)变暗淡;逐渐消失,
262,4,fail,0,vv衰退，减弱，破产；失败，不及格【解】v（（~todo)忘记、忽视或未能做,衰退；失败；不及格
263,4,failure,0,n.失败，不及格，失败者;故障，失灵;未能,失败；失败者；故障；失灵
264,4,fair,0,adj.公平的，合理的;相当的，尚好的;晴朗的;整齐的，清洁的【解】n.集市，交易会，博览会,公平的；合理的；集市；交易会；博览会
265,4,fairly,0,adv.公正地，诚实地;相当地,公正地；相当地
266,4,fall,0,v(fell，fallen)跌倒，下降，减弱，失势，垮台;坠落，变成，陷于_n.秋季,跌倒；下降；垮台；蔡落；变成；陷于；秋季
267,4,fan,0,n.扇子，风扇;（影、球等)迷vv扇，煽动，激起,扇子；风扇;（影、球等)迷；煽动；激起
268,4,fancy,0,n.想象力，幻想，幻觉;（尤指一时的)爱好，迷恋vt.想象，幻想adj.根据想象的，空想出来的;花式（哨)的，别致的,想象力；想象；花式（哨)的
269,4,fascinate,0,v.强烈地吸引，迷住，使神魂颠倒,强烈地吸引；迷住
270,4,gain,0,v.获得，博得，增加，(钟、表)走快n获益;增加,获得；增加；获益
271,4,gamble,0,v/nm赌博;投机，冒险,赌博
272,4,gap,0,n.闻隙，缺口，分歧，差距,间隙；缺口；分歧；差距
273,4,gene,0,n.基因,基因
274,4,general,0,adj.一般的，普遍的;总的，大体的_n.将军【解】a.首席的,一般的；普遍的；总的；将军；首席的
275,4,generalize,0,v.归纳，概括;推广，普及;使普遍化,归纳；概括
276,4,habit,0,n.习惯，习性，脾性,习惯；习性
277,4,habitat,0,n.（（动植物的)自然环境，栖息地,自然环境；栖息地
278,4,hamper,0,vt.妨碍，阻碍;束缚，限制，牵制,妨碍；阻碍；牵制
279,4,handicap,0,n.障碍，不利条件。vt.妨碍，使不利,障碍
280,4,shield,0,vv保护，保卫;庇护，掩盖n.盾，保护物，防御物,保护；庇护；保护物
281,4,shift,0,vv转移，移动，替换，更换，改变mn.转移，更换，改变，班，轮班，轮班职工,转移；移动；替换；改变
282,4,shoulder,0,n.肩膀，肩部vt.肩负，承担,肩膀；肩部；肩负；承担
283,4,show,0,vt.呈现，显示；表明，证明mn.展览，展览会，演出,显示；表明；证明；展览；演出
284,4,shower,0,n.阵雨，阵雨般的东西，一大批，一大串，淋浴，淋浴器，淋浴间v下阵雨，阵雨般落下（或来到)【解】v.使纷纷降落;大量地给,阵雨；淋浴；使纷纷降落；大量地给
285,5,glamour,0,n.迷人的美（通常指性感的);魅力，吸引力【解】v.迷惑，迷住,魅力；吸引力；迷惑；迷住
286,5,generate,0,省产生，发生（电、热、光、力、摩擦力等)；引起，导致,产生；引起
287,5,generation,0,n.产生，发生;一代（人)，同时代人，同一时期的产品,产生；一代(人)
288,5,generator,0,n.发电机，发生器,发电机；发生器
289,5,generous,0,adj.丰富的，大量的，慷慨的，大方的,丰富的；大量的；慷慨的
290,5,genius,0,n.天才，天赋,天才；天赋
291,5,gift,0,n.礼品，赠品，天赋，才能,礼品；天赋；才能
292,5,genre,0,n.（（文学、艺术、电影或音乐的)体裁，类型，风格,体裁；类型
293,5,giant,0,n.巨人adj.巨大的,巨人；巨大的
294,5,gigantic,0,adj.巨大的，庞大的,巨大的；庞大的
295,5,give,0,v.给，提供，交给，托付，献出【解】v.承认，同意,给；提供；承认；同意
296,5,happen,0,v（匹指偶然)发生，出现;（作为结果)出现，发生，碰巧，恰好,出现，发生；碰巧；恰好
297,5,harm,0,n./vt.伤害，损害，危害,伤害；损害
298,5,harmony,0,n.协调，和谐，融洽,和谐；融洽
299,5,harsh,0,adj.粗糙而使人不舒服的，严酷的，无情的;严厉的，苛刻的,严酷的；严厉的；苛刻的
300,5,ignorance,0,n.无知，昌上昧，不知道，对……一无所知,无知；愚昧
301,5,ignorant,0,adj.无知的，愚昧的;不知道的,无知的；昌昧的；不知道的
302,5,ignore,0,vt.不顾，不理，忽视,不理；忽视
303,5,ill,0,adj.有病的;坏的，不利的;恶意的adv不善良地，那恶地【解】n.困难，苦恼,有病的；坏的；困难；苦恼
304,5,illness,0,n.病，疾病,病；疾病
305,5,illusion,0,n.约觉，错觉，幻想中的事物,幻觉；错觉
306,5,illustrate,0,v（用图或例子)说明，痔明，加插图,说明；加插图
307,5,illustration,0,n.说明，例证，揪图，图解,例证；播图；图解
308,5,image,0,n.形象，肖像，影像，映像v反映,形象；反映
309,5,imagine,0,v.避想象，设想，料想，猜想,想象；料想；猜想
310,5,imaginary,0,adj.想象的，虚构的,想象的；虚构的
311,5,imagination,0,n.想象，空想，想象力,想象；空想；想象力
312,5,imaginative,0,adj.富有想象力的，爱想象的,富有想象力的
313,5,imitate,0,vt.模仿，仿效，仿造，伪造,模仿；仿效
314,5,imitation,0,n.模仿，仿效，仿制，仿制品,模仿；仿制
315,5,lead,0,v(led)领导，引导，领先，占首位;(to)通向，导致，引起mn.带领引导,领导；引导；领先；通向；导致
316,5,leadership,0,n.领导，领导层,领导；领导层
317,5,leading,0,adj.领导的，指引的，顶尖的，位居前列的，最主要的，核心的,领导的；顶尖的；位居前列的；最主要的
318,5,legal,0,adj.法律的，法定的;合法的，正当的,法律的；合法的
319,5,legislation,0,n.立法，法律的制定（或通过),立法；法律的制定（或通过)
320,5,legitimate,0,adj.合法的，合理的，正统的,合法的；合理的
321,5,leisure,0,n.空闲，闲暇;悠闲，安逸,闲暇；悠闲；安逸
322,5,level,0,n.数量;程度，浓度，水平，层次;级别v（尤指用枪)瞄准，对准adj.等高的，地位相同的;价值相等的,程度
323,5,lever,0,n.杠杆;控制（操纵)杆，把手;工具，手段v用杠杆插，操纵，控制,杠杆；控制（操纵)杆；用杠杆援
324,5,levy,0,n.征收，征税vt.征收，征集，征用,征收；征税
325,5,manage,0,"v.经营，管理，处理，设法对付;操纵,运用",经营；管理；处理；设法对付
326,5,management,0,n.经营，管理，管理部门,经营；管理；管理部门
327,5,mandate,0,n.(政府或组织等经选举而获得的)权力，授权;(官方的)命令，指令;(政府的)任期v强制执行，委托办理;授权,授权；命令；强制执行
328,5,manifest,0,adj.显然的，明了的v显示，表明，表露，显露;证明，证实,显然的；显示；表明
329,5,manipulate,0,"vt.(熟练地)操作，(巧妙地)处理,(尤指用权势或不正当手段)操纵，控制",操作；处理；操纵；控制
330,5,manner,0,n.方式，方法举止，风度;礼角，规矩,方式；举止；礼狐
331,5,margin,0,n.页边空白，边缘，余地，差额，【解】n.差距；利润,页边空白；差额；差距；利润
332,5,marginal,0,adj.记在页边的，边缘的,边缘的
333,5,mass,0,n.大量，众多，团，块，群众，民众;质量,大量；团；块；群众；质量
334,5,massive,0,adj.大而重的，厚实的，粗大的;大规模的，大量的,大规模的；大量的
335,5,massacre,0,n.残杀，大屠杀vt.残杀，集体屠杀,大屠杀；集体屠杀
336,5,occupation,0,n.占领，占据，占用，职业，工作,占领；职业；工作
337,5,occupy,0,vt.占用，占有，使从事，占领，侵占;担任（职务)，居（（某种地位)【解】v.使从于,占用；占领；使念于
338,5,occur,0,vv发生，存在，出现，被发现，被想到,发生；存在；出现
339,5,occurrence,0,n.事件，事故，发生的事情;发生，出现（过程),事件；发生的事情；发生
340,5,offend,0,v.冒犯，使生气，违犯，违反，使厌恶，使不舒服,冒犯；违犯；违反
341,5,offer,0,v.提供，提出;呈现，出现nm.提供，出价,提供；提出
342,5,offset,0,V（offsetting，offset，offset)补偿，抵消nm.补偿，抵消,补偿；抵消
343,5,offspring,0,n.子孙，后代;结果，产物,子孙；后代
344,5,paragraph,0,n.段，节;小新闻，短评,段；小新闻
345,5,paralyse,0,vt.使竣疾，使麻癣;使背失作用,使竣疾
346,5,parallel,0,n.平行线，平行面，相似物，相似处，显示相似处的比较，比拟，纬线，平行图adj.平行的，类似的，相同的,相似物；平行的；类似的
347,5,part,0,"n.部分，片段，一点;成员，成分，器官，部位;组成部分，部件，零件;地区，区域，参加,参与;等份,份adv部分地v离开，分别;分离，隔离;分散，解散",部分；零件；地区；离开；分离
348,5,partial,0,adj.部分的，不完全的，偏向一方的，偏祖的，偏爱的,部分的；不完全的；偏祖的
349,5,participant,0,n.参加者，参与者,参加者；参与者
350,5,participate,0,v(in)参与，参加;(in，with)分享，分担,参与；参加
351,5,particle,0,n.粒子，微粒，极少量,微粒；极少量
352,5,particular,0,adj.特殊的，特别的，特定的，特指的，细致的，苛求的，挑剔的mn.详情，细目,特殊的；特定的；特指的
353,5,partly,0,adv.部分地，不完全地,部分地
354,5,partner,0,n.合作者，伙伴;配偶，伴但。v.结成伙伴，做搭档，配对,合作者；伙伴；配偶；伴侣
355,5,passion,0,"mn扼情，激情，爱好;激怒,大儿",激情；爱好
356,5,passive,0,adj.被动的，消极的,被动的；消极的
357,5,quick,0,adj.迅速的，敏捷的。adv（置于动词后，等于quickly)迅速地，快,迅速的；敏捷的
358,5,quit,0,v.停止，放弃，离开，群去,停止；放弃；离开；辞去
359,5,quest,0,寻求，导寻找，探索nm探索，寻找，和追求(在福等),寻找；探索；追求
360,5,questionnaire,0,n.问卷，征求意见表,问卷；征求意见表
361,5,quote,0,v.引用，引述，援引,引用；引述
362,5,span,0,n.跨度，跨距，一段时间,跨度；一段时间
363,5,spare,0,adj.多余的，剩下的;备用的，额外的vt.节约，节省;抽出，让给,多余的；备用的；抽出
364,5,schedule,0,n.时间表，进度表vt.安排，排定,时间表；进度表；安排
365,5,scheme,0,vv计划，策划，搞阴谋mn.计划，方案，阴谋，诡计，结构，布局,搞阴谋；计划；方案
366,5,science,0,科学，学科，自然科学,科学；学科
367,5,scientific,0,adj.科学的，关于科学的;细致严谨的,科学的
368,5,scientist,0,n.科学家,科学家
369,6,patch,0,n.补丁补片，碎片，碎屑，小块士地vt.修补，拼制，拼凑【解】v.调停，解决,小块土地；修补；调停；解决
370,6,patent,0,"n.专利，专利权，专利品adj.专利的,特许的，受专利保护的vt.批准专利，获得专利",专利；专利权；专利的；获得专利
371,6,pattern,0,n.模范，榜样，模式，样式，花样，图案，形状，方式，风格v(on，upon，after)仿制【解】v（一oneself/sthon)模仿，仿造,模式；样式；方式；模仿；仿造
372,6,pay,0,v.支付，付出;给予（注意)，进行访问等n.工资，薪金,支付；付出；给予（注意)；工资；薪金
373,6,payment,0,n.支付，付款额,支付；付款额
374,6,peculiar,0,adj.奇怪的，古怪的，特有的，独特的,奇怪的；古怪的；特有的；独特的
375,6,peer,0,"n.（（身份或地位)相同的人，同辈,英国)贵族v仔细看，凝视，关视",（身份或地位)相同的人；同辈；仔细看；凝视
376,6,per,0,prep.每，每一，经，由,每；每一
377,6,perceive,0,vt.感知，感觉，察觉，理解，认识到，认为,察觉；理解；认识到；认为
378,6,percentage,0,n.百分比，百分率，百分数,百分比；百分率
379,6,perfect,0,"adj.完美的，理想的，完全的，十足的vt,使完美，改善",完美的；完全的；使完美；改善
380,6,rail,0,n.铁路，铁轨，轨道；栏杆，围栏,铁路；铁轨；栏杆
381,6,railroad,0,n.铁路v由铁路运输;使（议案等)草草通过【解】v.迫使…仓促行事,铁路；由铁路运输；迫使…仓促行事
382,6,raise,0,vt.举起，提高，增加，竖起，建立，提出，发起n.提高，增加（（工资),提高；增加；提出；增加（工资)
383,6,rally,0,vv集合，团结，恢复(健康等)，重新振作_n.(群众)集会，(群众)大会:公路汽车赛,集合；集会
384,6,random,0,adj.胡乱的，任意的，随意的n.任意，随意（现多用于at>),任意的；随意的；任意
385,6,range,0,n.（（山、丘等连贯而成的)脉;排，行，一系列，幅度，范围，领域v排列，排成行;(在某范围内)变化，变动,一系列；范围；领域；变化
386,6,rank,0,"n.排，行，列，社会地位，阶级，级别;军阶,军衔v排列;分等级，把…分类",社会地位；级别；排列；分等级
387,6,master,0,n.主人，雇主，师傅，能手，大家，大师vt.精通，掌握adj.热练的，精通的,能手；大师；精通；掌握；热练的
388,6,masterpiece,0,n.杰作，名著,
389,6,mate,0,n.伙伴，同事;配偶，性伴侣,配偶
390,6,material,0,n.材料，原料，资料。adj.物质的，实体的,材料；原料；物质的；实体的
391,6,mathematical,0,adj.数学(上)的;精确的,数学(上)的
392,6,mature,0,adj.熟的，成熟的;成年人的v使成熟,成熟的；使成熟
393,6,maximum,0,"n,.最大值，极限adj.最大的，最高的，最强的",最大值；极限；最大的；最高的
394,6,mean,0,vt.表示…的意思，意指;意欲，打算。n.平均值adj.插鄙的，吝前的，小气的;低劣的，简陋的;中间的，平均的,意指；打算；平均的
395,6,meaning,0,n.意义，意思，含义adj.有意义的，意味深长的,意义；意思
396,6,means,0,n.方法，手段，财富，资产,方法；手段
397,6,meantime,0,n.其间，其时adv同时，其间,其间；同时
398,6,meanwhile,0,n.其间，其时adv同时，当时,其间；同时
399,6,measure,0,v.衡量，测量mn.程度，地步，措施，办法,衡量；测量；措施
400,6,opening,0,n.口子，孔，开始，开端，空缺，机会adj.开始的，开幕的,空缺；开始的
401,6,opera,0,n.歌剧，歌剧团,歌剧
402,6,operate,0,v.运转，开动，(on)动手术，开刀，操作，开动机器,运转；动手术；操作
403,6,operation,0,n.运转，开动，操作;(on)手术,运转；操作；手术
404,6,operational,0,adj.操作的，运转的,操作的
405,6,operator,0,"n.操作人员,(（电话)接线员",操作人员
406,6,opinion,0,"n,意见，看法，主张",意见；看法；主张
407,6,opportunity,0,n.机会,机会
408,6,opponent,0,n.政手，对手，反对者adj.对立的，对抗的,对手；反对者
409,6,oppose,0,vt.反对，反抗,反对
410,6,opposite,0,adj.（to)相反的，对立的;对面的n.对立面，对立物prep.在……对面,相反的；对面的；对立面；对立物
411,6,oppress,0,vt.压迫，压制,压迫
412,6,scope,0,n.（组织、活动等的)范围，机会，余地,范围
413,6,score,0,n.得分，比分，分数，成绩，[单复同]二十个v得分，记分,得分；分数
414,6,scorn,0,vt/n.轻项，吕视,轻芒；鄙视
415,6,secure,0,"adj.安全的，可靠的，有把握的vt,使安全，保卫【解】v.弄到，获得",安全的；可靠的；使安全；保卫；获得
416,6,security,0,n.安全,安全
417,6,see,0,"此看见，察觉，理解，领会，获悉，知道，会见，访问，目睹,经历",看见；理解；会见；经历
418,6,seek,0,v.寻找，探索，征求，请求，[后接不定式]试图，设法,寻找；探索；请求；试图
419,6,seem,0,v(涉及推断)好像，似乎，看来，感到好像，觉得似乎;（表示不确切或客气)看起来好像，似乎,好像；似乎；看起来好像
420,6,seemingly,0,adv.表面上地，在……看来，就我们所知而言,表面上地
421,6,thrift,0,n.节俭，节约,节俭；节约
422,6,thrill,0,v.使非常兴奋，使非常激动n.兴奋，激动，引起激动的事情,使非常激动；兴奋；激动
423,6,thrive,0,vi.兴旺发过，繁荣，芭壮生长,兴旺发达；繁荣
424,6,through,0,prep.穿过，通过，从开始到结束;经由，以，因为，由于adv从头到尾，自始至终，直达地;彻底，完全，穿过（adj.直达的，直通的,穿过；通过；经由；以；从头到尾
425,6,throughout,0,prep.遍及，贯穿。adv.到处，全部，始终,遍及；贯穿；到处
426,6,tip,0,n.末端，尖端，小费，秘密消息，指点，忠告v给小费，向……透漏消息;倾斜，翻到，轻触，轻碰,尖端；小费；忠告；给小费
427,6,title,0,n.标题，题目，书名，称号，头衔，职称,标题；头衔；职称
428,6,urban,0,adj.城市的,城市的
429,6,urge,0,v.推进，鼓励，力劲，奶求nm.强烈的欲望，人迫切的要求，冲动,推进；力劝；强烈的欲望；冲动
430,6,urgent,0,adj.紧迫的，紧要的,紧迫的
431,6,utilize,0,vt.利用,利用
432,6,utter,0,vt.发出（声音等)，说，吐露。adj.完全的，彻底的，十足的,发出；说；完全的；彻底的
433,6,wonder,0,n.奇迹，奇事；惊奇，惊讶v（at)感到惊讶，感到话异，感到疑惑，想要知道,惊奇；惊诈；感到府异；想要知道
434,6,worship,0,n.崇拜，崇敬，礼拜，敬神，敬神活动v尝拜，敬奉，做礼拜，敬神，拜神,崇拜；敬奉
435,6,worth,0,adj.值……钱;值得……:拥有……财产nm.价值，作用,值得……-；价值
436,6,worthwhile,0,adj.值得（做)的,值得（做)的
437,6,worthy,0,adj.(of)值得…的，配得上…的;可尊敬的，有价值的大有作为的,值得…的；可尊敬的
438,6,write,0,v.写，写字，写信，号作,号；写信；写作
439,6,writer,0,n.作家，作者,作家；作者
440,7,tow,0,v.拖，拉，牵引,拖；牵引
441,7,toward,0,prep.（（表示运动方向)向(表示关系)对于，(表示时间)将近;（表示目的)为了,向；对于；为了
442,7,take,0,v(took，taken)拿取，携带;带去，引领;吃，服用;记录，拍摄;取得，接受;需要，花费，捕获，抓住，认为，当做n.（一次)录音，(一次)拍摄看法，意见，观点;收入额;捕捞量,拿取；带去；接受；需要；花费；看法；意见
443,7,talent,0,n.才能，天资，天才,才能；天资；天才
444,7,target,0,n.目标，对象，刘子vt.把……作为目标,目标；对象；把……作为目标
445,7,taste,0,vt.品尝，状味，体验，感到nm.滋味，味觉，(趣)味，鉴赏力【解】n.爱好,鉴赏力；爱好
446,7,technical,0,adj.技术的，工艺的,技术的；工艺的
447,7,technician,0,n.技术员，技师，技工,技术员；技师
448,7,technique,0,n.技术，技能,技术；技能
449,7,technology,0,n.工艺，科技,科技
450,7,teenager,0,n.青少年,青少年
451,7,temper,0,"n,心情，肿气，硬度，志度【解】v.使组和，使温和",肿气；使缓和；使昌和
452,7,temperature,0,n.温度，体温,温度
453,7,temporal,0,adj.世间的，世俗的，现世的，时间的，时间方面的,世俗的；时间的
454,7,temporary,0,adj.暂时的，临时的,暂时的；临时的
455,7,tempt,0,vt.引诱，诱惑，吸引，使感兴趣,引诱；诱惑；吸引
456,7,temptation,0,n.诱惑，引诱,诱惑；引诱
457,7,tend,0,v.趋向，倾向，易于，往往会，照料，看护,趋向；倾向；往往会
458,7,tendency,0,n.趋势，趋向,趋势；趋向
459,7,tentative,0,"adj.试验（性)的，试探（性)的，暂时（性)的,（赁推测的，不确定的",试验（性)的；暂时（性)的
460,7,term,0,n.学期，任期，期限，条件，条款;术语，专有名词，地位【解】n.说法，措词，关系,学期；期限；条款；术语；措词；关系
461,7,terminal,0,"n.终点站;终端，终端机;（电路的)端子，线接头adj.患绝症的，上晚期的;不治的，致命的;不可救药的;无可挽回的;末端的,末梢的",终端；晚期的；末端的
462,7,terminate,0,v.停止，结束，使终止,停止；使终止
463,7,testify,0,v.证实，作证，证明，(to)表明，说明,证实；证明
464,7,trace,0,n.痕迹，踪迹，微量，少许。v.追踪，跟踪，查出，找到，描绘，勾画,追踪；查出
465,7,track,0,n.足迹，踪迹，小道，小径。v.跟踪，追踪,踪迹；小道；跟踪；追踪
466,7,tradition,0,n.传统，惯例,传统
467,7,ultimate,0,adj.最后的，最终的，极点的，终极的，基本的，根本的，最大的，最高的,最终的；终极的；根本的
468,7,underestimate,0,vt.低估,低估
469,7,undergo,0,"经历,遭受,鸡受",经历；遭受
470,7,underlie,0,vt.位于……之下，引起，构成……的基础（或起因),构成……的基础（或起因)
471,7,underlying,0,adv.在下面的，根本的，潜在的,潜在的
472,7,underline,0,vt.在……下划线，强调,在……下划线；强调
473,7,understand,0,v.懂，理解，获悉，听说，撕测，认为,懂；理解
474,7,understanding,0,n.理解，理解力，谅解adj.了解的，通情达理的,理解；理解力
475,7,undertake,0,vt.承担，接受，着手做，从事，同意，保证，负责,承担；着手做；从事
476,7,uneasy,0,adj.心神不宁的，不安宁的;令人不安的，不自在的,心神不宇的；令人不安的；不自在的
477,7,unemployment,0,n.失业，失业人数,失业；失业人数
478,7,unexpected,0,adj.想不到的，意外的,想不到的；意外的
479,7,unify,0,vt.使成一体，统一，使相同，使一至,使成一体；统一
480,7,union,0,n.一致，融治，联合，合并;协会，工会，同盟,联合；协会；工会；同盟
481,7,unique,0,adj.唯一的，独一无二的,独一无二的
482,7,universal,0,adj.普遍的，全体的，通用的;宇宙的，世界的,普遍的；全体的；世界的
483,7,universe,0,n.宇宙，万物,宇宙
484,7,unlike,0,adj.不同的，不相似的prop.不像，和……不同,不同的；不像
485,7,unlikely,0,adj.未必的，靠不住的，不像的,靠不住的
486,7,unusual,0,adj.不平常的，与众不同的,不平常的；与众不同的
487,7,vague,0,adj.含（模)糊的，不明确的,含（模)糊的
488,7,vain,0,adj.徒劳的，无效的，自负的，爱虚荣的,徒劳的；自负的；爱虚荣的
489,7,valid,0,adj.合理的，有效的，有根据的，具有法律效力的,合理的；有效的；有根据的；具有法律效力的
490,7,valuable,0,adj.贵重的，有价值的mn.贵重物品，财宝,有价值的
491,7,value,0,"价值，价格，重要性，益处，价值观，标准必估价，评价，尊重,重视",价值；重要性；价值观；估价；评价；重视
492,7,vanish,0,vi.突然消失，逐渐消散,
493,7,variable,0,adj.易变的，可变的，变量的nm.可变因素，变数,易变的；可变的；可变因素
494,7,variance,0,n.变化幅度，差额,
495,7,variation,0,n.变化，变动，变种，变异,变化；变种；变异
496,7,variety,0,n.种种，多种多样;种类，品种,多种多样；种类；品种
497,7,various,0,adj.各种各样的，不同的,各种各样的；不同的
498,7,vary,0,v.改变，变化,改变；变化
499,7,vast,0,adj.巨大的，辽阔的;大量的，巨额的,巨大的；辽阔的；大量的
500,7,wage,0,n.工资，报酬vt进行，从事，开展,工资；报酬；进行
501,7,wander,0,vi.漫步，徘徊，迷路，走神，开小差，(神情)已侈，离题,漫步；徘徊
502,7,want,0,v.想要，希望，需要，短缺，缺少n.短缺，缺少，必有需品,想要；希望；需要；缺少
503,7,way,0,"方法，方式，方面，方向，道路,路线，习俗,作风",方法；方式；方面；道路；路线；作风
504,7,weak,0,adj.虚弱的，软弱的;差的，不够标准的，汉的，稀的,虚弱的；软弱的
505,7,wear,0,v.穿，戴，留，著（发、须等)【解】v/n.磨损，用旧,穿；戴；磨损；用旧
506,7,weary,0,"v.使厌烦，使疲劳adj,疲劳的，疲倦的;使人疲劳的",疲劳的；使人疲劳的
507,7,weigh,0,v.称……的重量，称；（对看法或决定)有影响，有分量，拓量，权衡，比较,称；（对看法或决定)有影响；权衡
508,7,weight,0,n.重量，分量，重（的特性)【解】n.重要性，严重性或影响力（的程度)vt.在（某物)上加重量，使某物重些;给某人加负担，使某人负重,重量；重要性；严重性或影响力（的程度；在（某物)上加重量
509,7,weird,0,adj.怪异的，奇怪的，不可思议的;超自然的，神秘的，诡异的,怪异的
510,7,welfare,0,n.福利，幸福，好处,福利；幸福
511,7,whirl,0,旋转，急转，(头)发是，(感觉等)变混乱n.回旋，旋转，急转，肪学，混乱,旋转；混乱
512,7,whisper,0,v.低语，耳语，跑咕nm.低语，耳语，私语;传闻，谣言,低语；耳语
513,7,yield,0,vv生产，产生，带来放弃，屈服n.产量，收获,生产；产生；屈服；产量
514,7,youth,0,n.青春，青春期，年轻人,年轻人
515,7,zigzag,0,adj.之字形的，锯齿形的n.之字形，曲折v呈之字形移动，曲折行进,之字形；曲折行进
516,7,zone,0,n.地带，分布带:地区，区域v分区，划分地带,地带；地区；区域
517,7,zoom,0,n.变焦镜头，喻喻声。v.飞驰，飞快地掠过;（价格等)急剧上涨，突然扩大,喻喻声；急剧上涨
518,7,key,0,n.钥匙;(to)答案，解答;关键;键，琴键。adj.主要的，关键的v(to)使适应（用)；使和谐,答案；关键；主要的；关键的
519,7,knit,0,v.编织，编结;针织，机织;（使)愈合，接合；（使)紧密结合,编织；（使)紧密结合
520,8,brisk,0,adj.兴隆的，繁忙活跃的，轻快的，生气勃勃的,兴隆的；轻快的
521,8,brief,0,adj.短时间的，短暂的;简短的，简洁的,短暂的；简短的；简洁的
522,8,browse,0,v.浏览，吃草（或枝叶)mn.浏览，嫩草，嫩叶，嫩枝，嫩芽,浏览；吃草
523,8,aggravate,0,v.已加重，加剧，恶化,加重；恶化
524,8,aggregate,0,n.总数，合计adj.（只用于名词前)总数的，总计的vv(常用被动态)总计，合计,总数；总数的；总计
525,8,aggressive,0,adj.好斗的，侵略的，积极进取的，活跃有为的,好斗的；侵略的；积极进取的
526,8,agitate,0,v.搅动（液体等)，使激动，使狂躁,使狂躁
527,8,agreeable,0,adj.易相处的;同意的;民意的，令人愉快的,令人和愉快的
528,8,aid,0,vt.援助，帮助。n.援助，救济，助手，辅助物，辅助设备,援助；帮助
529,8,aim,0,n.目标，目的v(at)目的在于，则在，以……为目的，瞄准，针对,目标；目的；目的在于；上骨在；瞄准；针对
530,8,alarm,0,n.惊个，忧虑，警报，警钟，报警器vt使惊妨，使忧虑，向…报和警，使警觉,警报；使惊丽；使忧虑
531,8,alien,0,adj.陌生的，外国的，(to)不相容的，格格不入的;(from)性质不同的，异己的n.外国人，外侨;外星人，外星生物,陌生的；格格不入的；外国人
532,8,alienate,0,v.排斥，朴远，使不友好，离间，使格格不入，使疏远【解】v.转让，让渡,转让；让渡
533,8,allocate,0,此分配，分派，把所给,分配
534,8,allow,0,vt.允给，准许，人允许;承认【解】v.留出，考虑到,准许；允许；留出；考虑到
535,8,alter,0,v.改变，更改,改变；更改
536,8,alternate,0,vv交替，轮流adj.交蔡的，轮流的,交蔡；轮流
537,8,alternative,0,adj.两者挑一的;可供选择的n.可供选的事物，蔡换物，抉择对象,两者挑一的；可供选择的；可供选的事物
538,8,comparable,0,adj.(（常与with或to连用)可比较的，比得上的，类似的,可比较的；比得上的；类似的
539,8,comparative,0,adj.比较的，相比的，相比之下的，相比而言的，相对的,比较的；相比的；相对的
540,8,compare,0,v(with，to)比较，对照;(to)把……比作,比较
541,8,comparison,0,n.比较，对比，比喻，比拟;比较起来,比较；对比
542,8,compel,0,省迫使，强迫,迫使；强迫
543,8,compensate,0,v.补偿，赔偿,补偿；赔偿
544,8,compete,0,vi.比赛，竞争,比赛；竞争
545,8,competition,0,n.竞争，比赛,竞争；比赛
546,8,competitive,0,adj.竞争的，比赛的,竞争的
547,8,competent,0,adj.有能力的，能胜任的;不错的（但并不出色),有能力的；能胜任的
548,8,compile,0,vt.收集;汇编，编制，编笨,收集；汇编；编繁
549,8,complain,0,vi(about，of)抱怨:申诉,抱怨
550,8,complaint,0,n.扯，诉车;疾病,抱怨；诉苦
551,8,complement,0,"vt.补充，补足nm,补足（物)；余数，补语",补充；补足
552,8,complete,0,vt.结束，完成adj.完全的，完整的，彻底的，完成的，完结的,结束；完成；完全的；完整的；完成的
553,8,complex,0,adj.复杂的，费解的，合成的，综合的nm.综合体，集合体,复杂的；综合体
554,8,complicate,0,vt.使变复杂,使变复杂
555,8,complicated,0,adj.错综复杂的，有麻烦的,错综复杂的
556,8,comply,0,vi(with)遵从，顺从，服从,遵从；服从
557,8,compliment,0,n.（pl.)问候，致意，称枕，葵维vt.称赞，藕维,称赞
558,8,differ,0,vi(from)与……不同;(with)与……意见不同,与……不同
559,8,difference,0,n.差别，不同（之处)，变化（之处);差，差额;意见分歧，不和,差别；意见分歧
560,8,diffuse,0,"adj.弥漫的,四散的，(文章等)冗长的，漫无边际的v扩散(气体、液体等)，传播，散布",丈漫的；冗长的；传播；散布
561,8,emphasis,0,n.强调，重点,强调；重点
562,8,emphasize,0,vt.强调,强调
563,8,employ,0,vt.雇用，用，使用,雇用；使用
564,8,employee,0,n.雇工，雇员,雇员
565,8,employer,0,n.雇主,雇主
566,8,employment,0,n.记用，使用，工作，职业,雇用；工作；职业
567,8,enable,0,vt.使能够，使成为可能,使能够；使成为可能
568,8,encounter,0,v.冲突，交战，意外的（地)遇见，遭遇mn.意外;遇见（尤指敌对的),意外的（地)遇见；遭遇
569,8,encourage,0,"v.功励，支持，发展，激励,促进",鼓励；促进
570,8,end,0,n.端，梢;末端，结束v终止，结束【解】n.目标,结束；终止；目标
571,8,endeavor,0,v(to)努力，尽力nn.努力，尽力,努力；尽力
572,8,endorse,0,v（公开)赞同，支持，认可;（在支票背面)签名;（在广告中)宣传，代言（某一产品);（在驾驶执照上)记录违章事项,赞同；支持；签名
573,8,indicate,0,vt.表明，显示;示意，瞳示；指出，指示,表明；暗示；指出
574,8,indication,0,n.迹象，标示，象征,迹象；象征
575,8,indicative,0,adj.（of)指示的，瞳示的,暗示的
576,8,outrage,0,n.伤害，虐待，暴行，侮辱;愤怒vt凌辱，引起…义氏，违反，违法,愤怒；引起…义愤
577,8,outset,0,n.开始，开端,开始；开端
578,8,outside,0,n.外部，外表；周围，外围adj.在外面的，向外的，不相关，可能性极小的prep.在……外面，向……外面;离开，不在;不属于…'…范围之内adv在外面，向外面;在户外,外部；在外面的；向外的；不属于……范围之内；在外面；向外面
579,8,outward,0,adv.向外，在外adj.向外的;外面的，外表的,向外
580,8,special,0,adj.特殊的，专门的,特殊的
581,8,specialist,0,n.专家,专家
582,8,specialize,0,"考牙，专门研究,专注于以mr间各",专攻；专门研究
583,8,specialty,0,n.特制品，特产，专业，专长,专业；专长
584,8,species,0,n.（物)种，种类,（（物)种
585,8,specific,0,adj.明确的，具体的;特定的，特有的,明确的；具体的；特定的
586,8,specification,0,n.详述，明确，规格，说明书，规范,规格；说明书
587,8,specify,0,vt.具体指定，详细说明,具体指定；详细说明
588,8,speculate,0,v.推测，推断，投机,推测；推断
589,9,acclaim,0,n.喝彩，欢呼；(尤指对艺术成就的)称誉，高度评价vt.称赞，赞扬,欢呼；高度评价；称赞；赞扬
590,9,accommodate,0,vt.使适应，使符合一致，调和(分歧等)，帮助，给…提供方便，容纳，接纳;向……提供住处（或膳宿),容纳
591,9,accommodation,0,n.住宿，留宿;（pl.)膳宿供应,住宿
592,9,accompany,0,vt.陪伴，伴随，为……伴奏（或伴唱),陪伴；伴随
593,9,accomplish,0,vt.达到（目的)，完成（任务)，实现（计划、诺言等)，做到，做成;走完（上距离等)，度完（时间),达到；完成；实现（计划、诺言等)
594,9,account,0,n.账，账目，账户，账单;of)描述，氢述Vv认为，视为;(for)说明，解释;(for)占（一定数量或比例),账目；账户；令述；说明；解释；占
595,9,accountant,0,n.会计（员)，会计师，账房，出纳,会计；会计师
596,9,bias,0,n.偏见，偏重_vt.使有偏见，偏向,偏见；使有偏见
597,9,bid,0,"vbid,bid)出价，投标，争取，企图，得到n.出价，投标，努力，尝试",争取；出价；投标；努力；尝试
598,9,bill,0,n.账单，招贴，广告，法案，单子，清单，(人员、职称等的)表，钞票,账单；法案
599,9,billion,0,num./n.（（美)十亿，(英)万亿,十亿
600,9,birth,0,n.出生，分娩，出身，血统,出生；出身；血统
601,9,charge,0,"v.要(价)收(费)，使充电,使充满，控告，指控n.负荷，电荷，价钱，费用",要(价)；收(费)；使充电；控告；指控
602,9,charm,0,n.（pl.)美狐，妩媚；魅力，魔力v使陶醉，迷住，对……'施魔法,魅力
603,9,chase,0,n./vt.追逐，追求,
604,9,demand,0,vt.要求，查问n.要求，请求,要求
605,9,democracy,0,n.民主，民主制，民主国家,民主；民主制；民主国家
606,9,democratic,0,adj.民主的,民主的
607,9,demographic,0,adj.人口统计学的，人口统计的,人口统计学的；人口统计的
608,9,demonstrate,0,v.论证，证明；（（用实验、实例等)说明，教，表明，游行，示威，示范，宣传（产品的)用法（或优点),证明；表明；游行；示威
609,9,denote,0,省表示，是……的标志，意思是,表示；意思是
610,9,denial,0,n.否认;拒绝，拒绝给予,否认；拒绝；拒绝给予
611,9,deny,0,vt.否定，否认,否认
612,9,department,0,"nm部,局,处;系,学部",部；局；处；系
613,9,depend,0,vi（on)取决于，依靠,(on)取决于；依靠
614,9,dependent,0,adj.依靠的，依赖的，取决于……的。n.受扶养者,依靠的；依赖的；取决于……的；受扶养者
615,9,deposit,0,v.使沉积;存放将(钱)存入银行，付（保证金)nn.沉淀物，存款;保证金,将(钱)存入银行；存款
616,9,depress,0,vt.使肖形，使消沉，使不景气，使萧条，按下，压下,使泪丧；使消沉；使萧条
617,9,emerge,0,v.出现，浮现,出现；浮现
618,9,emergency,0,n.紧急情况，突然事件，非常时刻,紧急情况；突然事件
619,9,eminent,0,"adj.（（指人)著名的，杰出的，卓越的,（指品质、特性)明显的，突出的",著名的；杰出的；卓越的；明显的
620,9,emotion,0,n.情绪，情感,情绪；情感
621,9,fear,0,\必害怕，月惧nm.害怕，担心,害怕；担心
622,9,fearful,0,adj.担心的，可怕的,担心的；可怕的
623,9,feature,0,mn特征，特色;特写,特征；特色；特写
624,9,federal,0,adj.联邦的,联邦的
625,9,federation,0,n.同盟，联邦，联盟，联邦政府,同盟；联邦；联盟
626,9,feed,0,vv喂养，饲养，向……提供,喂养；饲养
627,9,feedback,0,n.反馈，反馈的意见,反馈；反馈的意见
628,9,feeling,0,n.感情;心情知觉，同情，爱,感情；心情
629,9,fertile,0,adj.肥沃的，富饶的，能繁殖的,肥沃的；能繁殖的
630,9,goal,0,n.目的，目标，守门员，球门，进球,目的；目标
631,9,goods,0,n.商品，货物，财产,商品；货物
632,9,govern,0,vv统治，管理;决定，支配抑制，控制,管理；决定；支配；控制
633,9,government,0,n.政府，内阁;（国家等的)统治，管理，支配;政治，政体,政府；管理；支配；政体
634,9,governor,0,n.总督，州（省)长;主管人员，理事,总督；州（省)长
635,9,gradual,0,adj.逐渐的，逐步的,逐渐的；逐步的
636,9,graduate,0,v（使)大学)毕业；获学位adj.有学位的，毕业的;研究生的n.（大学)毕业生，获(学士)学位者,（使)大学)毕业；获学位；(大学)毕业生；获学士)学位者
637,9,grand,0,adj.盛大的，豪华的;重大的，主要的，最重要的,重大的；主要的
638,9,grant,0,vt.同意，准予，授予，给予,同意；授予
639,9,heap,0,n.（一)扒;大量，许多vt.堆积:大量地（或慷概地)给予，装满,堆；大量；堆积
640,9,heal,0,v.治您，愈合，调停，止息，消除，克服,愈合
641,9,health,0,n.健康，健康状况，卫生,健康；健康状况；卫生
642,9,healthy,0,adj.健康的，健壮的，有益健康的，卫生的,健康的；健壮的；有益健康的；卫生的
643,9,hesitate,0,"v.汪逢,路距售糊,支吾",犹豫
644,9,highlight,0,vt.使显著，使突出，强调，对（（某事物)予以特别的注意;将（部分头发）染成浅色使之有光泽nmn.最有意思或精彩的部分,使突出；强调；最有意思或精彩的部分
645,9,highly,0,adv.高度地，很，非常，移许地,高度地；很；非常；赞许地
646,9,immediate,0,adj.立即的，即时的，直接的，最接近的,立即的；直接的；最接近的
647,9,immense,0,adj.广大的，巨大的,巨大的
648,9,immerse,0,vt.(in)使浸没;(in)使沉浸在，使专心于,使浸没；使沉浸在；使专心于
649,9,immigrant,0,n.（（从国外来的)移民，侨民,移民；侨民
650,9,imminent,0,adj.（尤指不愉快的事)即将发生的，临近的,即将发生的
651,9,immune,0,adj.免除的，哆免的，可防止的，不受影响的，免疫的，有免疫力的,免除的；哆免的；不受影响的；免疫的；有免疫力的
652,9,likely,0,adv（常与most、more或very等词连用)大概，多半adj.很可能的，有希望的,大概；多半；很可能的；有希望的
653,9,likelihood,0,n.可能性,可能性
654,9,likewise,0,adv.同样地，照样地，又，也，而且,同样地；也
655,9,self,0,n.个性，自我本身，自己;（自己的)通常的行为方式，本来面目，惯常心态;个人利益，私心,自我
656,9,selfish,0,adj.自私的，利己的,自私的
657,10,choke,0,v(的住或阻塞气管)使^某人)停止呼吸，指(烟等)使人难以呼吸，哈;室息，嘻住，抑制（感情)，压制……的成长（或进展、活动等),使(某人)停止呼吸；室息；抑制
658,10,chop,0,v（（大幅度地)削减，降低;终止，取消;劈，砍，拓n.排骨，肉块,削减；终止；取消；劈；村
659,10,circumstance,0,n.（pl.)情况，形势，环境；(pl.)经济情况，生活境况,情况；环境
660,10,cite,0,vt.引用，引证，举（例),引用；举（例)
661,10,claim,0,"mn要求，主张，索赔;权利必要求，声称,主张;素赔",索赔；要求；声称
662,10,clear,0,adj.易懂的，明白的;清澈的，明亮的adv清楚地，清晰地vt.证明，宣言……无罪，使清澈，使清楚【解】adj.通畅的，无阻的,清楚地；清晰地；通畅的；无阻的
663,10,border,0,n.边界，边境，边沿邻接，毗邻,边界；上毗邻
664,10,bore,0,n.令人讨厌的人（或事)，麻烦，(管道、枪管等的)内径，口径v使厌烦，使厌倦，钻孔，挖（通道),站
665,10,born,0,adj.出身于……的，天生的，生来的,天生的
666,10,bother,0,v.打扰，烦扰;烦恼，操心n.麻烦,打扰；烦恼
667,10,acquire,0,此取得，获得;学到,取得；获得；学到
668,10,acquisition,0,n.获得;收购;收购物,获得；收购；收购物
669,10,act,0,v.行动，做事，(on/upon)起作用_n.行为，动作;(一)幕;法令，条例,行动；起作用；行为；法令
670,10,action,0,n.行动（总称)，行为（指具体一次行为)，作用；战斗，战事,行动；行为
671,10,activate,0,v.使激活，使活化，使反应)加快，启动，开动，使活动,启动；使活动
672,10,active,0,adj.活跃的，积极的;现行的,活跃的；积极的
673,10,activity,0,n.活跃;行动活性，活力,活跃；行动
674,10,actual,0,adj.实在的，实际的,实际的
675,10,acute,0,adj.有观察力的，敏锐的，剧烈的，激烈的，严重的;（疾病)急性的,有观察力的；敏锐的；激烈的；严重的
676,10,despise,0,vt.芒视，吕视,茂视；芋视
677,10,despite,0,prep.不管，不顾，即使，尽管,不管；尽管
678,10,energetic,0,adj.有力的，精力旺盛的,精力旺盛的
679,10,energy,0,n.活力，精力，能量，能源,精力；能量；能源
680,10,enforce,0,vt.(on，upon)强迫，强加；实施，使生效，加强，坚持,强迫；实施
681,10,engage,0,vt.与……建立密切关系，尽力理解雇，聘，吸引，占用（时间、精力等),吸引；占用
682,10,engagement,0,n.约会，约定;婚约，订婚【解】n.参与,约定；婚约；参与
683,10,fold,0,v.折又n.补，裙痕【解】v.停止运行，停业n.…倍,折和登；停止运行；停业
684,10,folk,0,n.人们adj.民间的,人们；民间的
685,10,follow,0,v.遇随，接着，领会，沿着……前进，遵循;结果是,跟随；领会；遵循
686,10,following,0,adj.接着的，下列的,下列的
687,10,force,0,"mn力量，为，劳力，军队，兵力v强所,过使",力量；力；势力；强迫；迫使
688,10,fore,0,adj.在前部的，重要的adv在船或飞行器的前部n.前部,在前部的；重要的
689,10,forecast,0,n./vt.预测，预报,预报
690,10,foresee,0,vt.预见，预知,预见；预知
691,10,forge,0,v.锻造，打铁，伪造，仿造，编造nm.锻造车间，锻铁炉，铁匠铺,锻造
692,10,grim,0,adj.非常严肃的，严厉的，严峻的;令人不愉快的，坚定而无苦的，含不快或恐怖内容的;（指地方)极其简了顺的;生病，不舒服;很坏，令人厌恶,非常严肃的；严厉的；令人不愉快的
693,10,grasp,0,v/n.抓住，抓紧;掌握，领会,抓住；抓紧；领会
694,10,grip,0,v.抓紧，紧握；吸引住n.紧握，抓牢，吸引力,抓紧；紧握
695,10,gross,0,adj.总的，毛的，严重的，极端的，粗俗的，下流的,严重的
696,10,ground,0,"n.地面，土地,场所;根据，理由",土地；场所；根据；理由
697,10,group,0,n.组，群，批;类;艇，集团，团体，乐团，乐队v（使)成群，成组，聚集,组；群；集团；把……分组
698,10,guarantee,0,n.保证，保证书，保单vt保证，担保,保证；担保
699,10,guard,0,"守卫,保卫n村卫,看宁",守卫；保卫；看守
700,10,include,0,vt.包括，包含，计入【解】v.使成为……的一部分,包括；包含；使成为……的一部分
701,10,inclusive,0,adj.包括的，包含的，范围广的,范围广的
702,10,income,0,n.收入，收益,收入；收益
703,10,incorporate,0,v.包含，吸收，合并，混合,包含；合并
704,10,increase,0,v.增加，增长，增进n.增加，增长,增加；增长
705,10,increasingly,0,adv.不断增加地，日益,不断增加地
706,10,incredible,0,adj.难以置信的，惊人的，不可思议的,难以置信的
707,10,incur,0,vt.招致，引起，遭受,招致；引起；遭受
708,10,link,0,vv连接，联系n.环节，联系,连接；联系
709,10,list,0,n.表，目录，清单，名单vt.把……列成清单，列举;（尤指肌)倾斜，牌斜,表；目录；清单；名单；列举
710,10,literally,0,adv.照字面意义地，逐字地；确实地，真正地,照字面意义地；确实地
711,10,literary,0,adj.文学上的，文学的，精通文学的,文学上的；文学的
712,10,literature,0,n.文学，文学作品，文献,文学；文学作品；文献
713,10,memo,0,站备忘录,
714,10,memorial,0,adj.追悼的，纪念的_n.纪念物，纪念碑，纪念馆,追悼的；纪念的
715,10,memory,0,n.记忆，记忆力，回忆;存储（器),记忆；记忆力；回忆；存储（器)
716,10,mental,0,adj.精神的，心理的，智力的，脑力的,精神的；智力的
717,10,mention,0,vtV/n.提及，说起,提及；说起
718,10,mentor,0,n.导师，顾问,
719,10,other,0,adj.另外的，其他的，别的pron.其他人或物,另外的；其他的；其他人或物
720,10,otherwise,0,conj.要不然，否则adv不同地；用别的方法;在其他方面,要不然；否则；不同地；用别的方法；在其他方面
721,10,outcome,0,n.结果，成果,结果；成果
722,10,sign,0,n.标记，符号，招牌，征兆，迹象v签名（于)，署名（于),标记；符号；招牌；征兆；迹象；签名（于)
723,10,signature,0,n.签名，署名，签字,签名；署名
724,10,signal,0,n.信号，暗号v发信号，用信号通知,信号；暗号；发信号
725,10,significance,0,n.意义，含义，重要性，重大,意义；含义；重要性
726,10,significant,0,adj.有意义的，重要的，重大的,有意义的；重要的
727,10,signify,0,v.表示，表明，预示，有重要性，要紧,表示；表明
728,10,similar,0,adj.相似的，类似的,类似的
729,10,simple,0,adj.简单的，单纯的，直率的，朴素的，迟钝的，头脑简单的,简单的；朴素的
730,10,simplicity,0,n.简单，朴素，直率，单纯,简单；朴素
731,10,simplify,0,v.简化，使单纯,简化
732,10,simply,0,adv.人仅仅，只，不过，确实，简直;简单地，朴素地,仅仅；简直；简单地
733,10,slack,0,adj.不紧的，不严的，松弛的;松懈的，玻忽的;(生意)蓄条的，不景气的n.淡季，莆条;（pl.)便裤，宽松长裤,松弛的；松懈的；萧条的；淡季
734,11,addict,0,vt.使沉沁，使上瘾mn有瘾的人,有瘦的人
735,11,add,0,vto)加，增加，补充说，又说,加；增加；补充说
736,11,addition,0,n.（增)加，加法，增加的人或物,（增)加；增加的人或物
737,11,additional,0,adj.附加的，另外的，额外的,附加的；额外的
738,11,address,0,n.演说;地址，住址vt向…作（正式)讲话，对…说话，称呼，对付，处理,地址；向…作（〔（正式)讲话；处理
739,11,adequate,0,adj.足够的，充分的，恰当的,足够的
740,11,adjust,0,"调节,调整，校正;适应",调节；调整；适应
741,11,administration,0,n.管理，经营;政府，行政（机关),管理；政府；行政（机关)
742,11,admire,0,vt.钦假，半莫;夸奖,钦佩；羡莫
743,11,admission,0,n.允许进入，接纳，承认;入场券，入场费,人允许进入；承认
744,11,admit,0,"证进入,接纳;承认",承认
745,11,adapt,0,v（使)适应，改编,（使)适应
746,11,adopt,0,vt.采用，采纳，正式通过，批准，继承;收养,采用；采纳；正式通过；批准；收养
747,11,adult,0,adj.成年人的，成熟的n.成（年)人,成年人的；成熟的；成年)人
748,11,brace,0,v.支撑，加固，使绷紧，使防备，使做好准备，使经受锻炼;做好防备n.托架，支架,支撑；使做好准备；支架
749,11,brain,0,n.大脑，脑力，头脑，智能,大脑；脑力；智能
750,11,branch,0,n.（树)枝，分支;分部，分店，学科)分科，部门支流，支脉,分支；分部
751,11,brand,0,n.商标，标记，牌子vt.打火印，打烙印，使铭记,商标；标记
752,11,toss,0,"v.摇,掀，掷，据舞,颠驴",扔；抛；掷
753,11,total,0,n.总数，总计adj.总的，全部的，完全的v.总计，合计，总共,总数；总的；全部的
754,11,touch,0,v.触，碰，摸，感动，触动;涉及，论及nm触动，磁到，和触摸，少许，一点儿,触；他；摸；涉及；触动
755,11,tough,0,adj.坚蔬的，牢固的，强壮的，吃苦耐劳的，强硬的，顽固的;艰苦的，束手的;粗暴的，粗鲁的,强硬的；艰苦的；求手的
756,11,treat,0,vt.对待，处理，治疗；论述，探讨，款待，请客n.款待，请客,处理；治疗；款待
757,11,treaty,0,n.（（国家之间的)条约，协定,条约；协定
758,11,trend,0,n.倾向，趋势，时丢，时尚,倾向；趋势
759,11,vice,0,n.不道德行为，恶习;台钳，老虎钳adj.副的,不道德行为；副的
760,11,vicious,0,adj.收亚的，恶毒的，凶残的，吐落的,那恶的；凶残的
761,11,victim,0,n.牺牲品，受害者,牺牲品；受害者
762,11,click,0,v.发出味哄声，很快成为好朋友;为（某人)所喜爱;突然明白或理解n.咱哄声【解】v.点击,
763,11,client,0,n.顾客，（（诉讼)委托人;当事人,顾客；委托人；当事人
764,11,cling,0,坚持;精着;依附,粘着；依附
765,11,close,0,v.关，闭;结束，终止nm.结束，了结adv.接近地，紧密地adj.(to)近的，接近的;势均力敌的，难分高下的;仔细的，详细的;严密的，紧密的,关；终止；接近地；接近的；紧密的
766,11,closet,0,n.壁森，储藏室adj.秘密的v.把某人关在房间里（作私人会晤),储藏室；秘密的
767,11,code,0,n.人代码，密码;法典，法规，法则,代码；密码；法规
768,11,personal,0,adj.个人的，私人的，人身的，涉及个人的;亲自的，本人的,个人的；私人的
769,11,personality,0,n.人格，个性,人格；个性
770,11,personnel,0,n.全体人员，全体职员，人事（（部门),全体人员；全体职员；人事（部门
771,11,form,0,n.形状，形式，表格v.组成，构成形成,形式；形成
772,11,formal,0,adj.正式的，形式的,正式的；形式的
773,11,format,0,n.设计，安排，样式vt.使格式化,样式
774,11,formation,0,n.形成，构成,形成
775,11,former,0,adj.以前的，在前的pron.前者,以前的；前者
776,11,formidable,0,adj.令人敬基的，可怕的，引起恐惧或不安的，难以应付的，难以克服的,令人敬綦的；可怕的；难以应付的
777,11,formula,0,n.公式，程式,公式
778,11,formulate,0,"vt,规划（制度等)，构想出（计划、方法等)，系统地阑述，用公式表示",规划；构想出；系统地阐述
779,11,fortunate,0,adj.幸运的，侥幸的,幸运的
780,11,fortune,0,n.命运，运气，财产,命运；运气；财产
781,11,guide,0,n.导游，向导，指导者;指南，入门;手册;路标v.指引，指导,导游；指南；指导
782,11,guidance,0,n.引导，指导,引导；指导
783,11,guideline,0,n.指导方针，指导原则，准则，参考,指导方针；指导原则；准则
784,11,guild,0,n.（（行业)协会，（（中世纪的)行会，同业公会,协会
785,11,guilt,0,n.罪责，内次,内次
786,11,guilty,0,adj.（of)有罪的，内次的,有罪的；内次的
787,11,recognition,0,"nm认出,辩计承认",认出；承认
788,11,recognize,0,v.认出，识别;承认，认可;明白，认识到,认出；承认；认可
789,11,recommend,0,vt.推荐，称赞，劝告，建议,推荐；建议
790,11,recover,0,v.追回，重新得到，人恢复，康复,重新得到；恢复；康复
791,11,recovery,0,nm.恢复，学;重区,恢复；痊愈
792,11,recruit,0,v.招募（新兵)，招收（新成员)nm.新兵，新成员,招募；招收；新兵
793,11,sell,0,v.出让，转让;出售，售卖nm.让人失望的东西,出售
794,11,send,0,v.发送，传达，转致，派遗，打发，安排去，使快速移动，使做出（某种反应);使表现出（某种行为),发送；派遭
795,11,senior,0,adj.年长的，资格老的，地位较高的，（（比赛)成人的;高水平的n.（大学)四年级学生，毕业班学生;较年长的人，比…大…岁的人;上级，上司,年长的；资格老的；地位较高的；毕业班学生
796,11,smart,0,adj.聪明的，伶俐的，有力的，猛烈的，帅气的，整齐的，漂亮的，时拨的v.（使)剧痛，（（使)刺痛,聪明的
797,11,smell,0,n.气味，臭味，嗅觉v.噢，闻到，有某种气味,气味；嗅觉；闻到；有某种气味
798,11,soak,0,"v.湿透，浸湿，浸海，渗透,涂入",湿透；浸泡
799,11,soar,0,vi.高飞，萌翔，符立，飞涨猛增，剧增_n.高飞范围，高涨程度，高飞，飞升,飞涨；猛增；剧增
800,11,sociable,0,adj.好交际的，友善的，合群的n.联证会，联欢会,好交际的；合群的
801,11,social,0,adj.社会的，交际的,社会的；交际的
802,11,socialism,0,n.社会主义,社会主义
803,11,society,0,n.社会社团，协会，学会,社会
804,11,sociology,0,n.社会学,社会学
805,11,soluble,0,adj.可溶的,
806,11,solution,0,"解答，解决办法;浴液,深解",解决办法；溶解
807,11,solve,0,vt.解答，解决,解答；解决
808,11,detach,0,vt.拆卸，(from)使分开，使分离,拆外；使分开；使分离
809,11,detail,0,n.细节，详情vt.详述,细节；详情；详述
810,11,detain,0,vt.掏留，扣押，留住，耽搁,拘留；耽搁
811,12,shadow,0,n.影子，阴影，暗处，阴暗，虚幻的事物，失去实质的事物，行影不离的人（物),影子；阴影
812,12,shade,0,n.荫，荫凉处，遮光物，灯畦v为……遮阳，了荫蔽，画阴影，使变暗,荫凉处
813,12,sort,0,n.种类，类别v.分类，整理,种类；类别；分类；整理
814,12,soul,0,n.（人类整体的)精神（状况)，精力，（某种类型的)人，灵玉，心灵，心性,灵魂；心灵
815,12,sound,0,adj.健康的，健全的，完好的;可靠的，牢固的;正确的，明智的，彻底的，充分的,健全的；完好的；可靠的；正确的
816,12,a,0,n.声音，响声,声音；响声
817,12,sour,0,adj.酸的，酸味的【解】adj.易怒的，尖酸刻薄的,易怒的；尖酸刻薄的
818,12,source,0,n.河流的源头，发源地，来源，出处,来源；出处
819,12,advance,0,v.使向前移动;促进;提出（建议等)，提高（重要性、价格等)，使未来事件)提前发生，（作为内借)预先发放n.前进，进展，（（数量、价格、价值等的)增长，增加;预先提供，预付,促进；使(未来事件)；提前发生；前进；进展
820,12,advanced,0,adj.高级的，先进的,高级的；先进的
821,12,advantage,0,n.有利条件，优点，（匹指采取某一步骤而带来的)好处，利益,有利条件；优点
822,12,advice,0,n.劝告，忠告，意见,劝告；忠告
823,12,advise,0,v.劝（忠)告，建议，通知,劝(忠)告；建议
824,12,advisable,0,adj.可取的，适当的,可取的
825,12,advocate,0,vt.拥护，提倡，主张n.拥护者，提倡者，鼓歇者,拥护；提倡；主张；拥护者；提倡者
826,12,aesthetic,0,adj.美学的，艺术的，审美的,美学的；审美的
827,12,affair,0,n.事情，事件，（pl)事务，业务，事态,事情；事件；事务
828,12,affect,0,"影响，(悲伤的)感觉,感动",影响
829,12,affection,0,n.爱，喜爱，爱莫之情，感情,喜爱；感情
830,12,affiliate,0,v.使未属（或附属)于，使成为会员mn.成员，附属机构，分公司,使隶属（或附属)于；附属机构；分公司
831,12,affirm,0,vt.断言，肯定，（（在法庭上)证实，宣装说实话,断言；肯定；证实
832,12,afford,0,v.担负得起，买得起，人花得起（时间)，供给，给予,担负得起；买得起；供给；给予
833,12,breach,0,n.违反〔（法规、协议、职责等)，破坏，中断，裂口，缺口,违反；破坏
834,12,break,0,v.打破，折断，胡坏，使中止，打断，破坏，违反n.打断，中止【解】n.休息时间,打破；弄坏；打断；破坏；违反；休息时间
835,12,breakdown,0,n.倒塌，损坏，故障，垮掉，误竟,倒塌；故障
836,12,breed,0,v.养育，培育，（（使)繁殖，酿成，产生,养育；培育；酿成；产生
837,12,brevity,0,n.简洁，简炼，短暂,简洁；短暂
838,12,coincide,0,vi(with)相符，相一致，同时发生,相符；相一致；同时发生
839,12,collapse,0,vi.倒雪，崩溃，瓦解，(因精疲力竭等原因)倒下，(健康等)震掩，突然失去价值，暴跌n.倒塌，裔溃，瓦解,裔省；暴跌；倒塌；月溃
840,12,colleague,0,n.同事，同僚，同盟,同事；同僚
841,12,collect,0,v.收集，搜集，领取，接走，收（税等)，聚集，堆积,收集；收（税等)
842,12,collection,0,n.收藏（品)，收集（物),收藏（品)；收集（物)
843,12,collective,0,n.集体adj.集体的，共同的,集体的；共同的
844,12,collide,0,vi.碰撞，互撞，冲突，抵触,碰撞
845,12,column,0,n.圆柱，柱状物，列，（报刊中的)专栏,圆柱；专栏
846,12,combat,0,n./v.战斗，搏斗,战斗；搏斗
847,12,combine,0,v(with)（使)结合，（使)化合,结合
848,12,command,0,n.命令，指令;统帅，指挥(权);掌握，运用能力v.命令，指挥，统帅,命令；指挥(权)；掌握；指挥
849,12,commend,0,vt.表扬，称赞，托付，委托,称赞；委托
850,12,comment,0,n.评论，意见vi，(Con/about)发表意见，评论,意见；发表意见；评论
851,12,commerce,0,n.商业，贸易,商业；贸易
852,12,commercial,0,adj.商业的，贸易的,商业的；贸易的
853,12,commission,0,n.委员会，委任，委托（书)，代办，佣金，手续费,委员会；委任
854,12,commit,0,vt.把……交托给，提交；犯（错误)，干（坏事),把……交托给；犯（错误)
855,12,committee,0,n.委员会，全体委员,委员会
856,12,commodity,0,n.商品，物品,商品
857,12,common,0,adj.普通的，常见的，共同的，公共的n.(in)公用，公有；公用草地,普通的；常见的；共同的
858,12,communicate,0,"传达，表达，交流，通讯,通话",传达；表达；交流
859,12,communication,0,n.通讯，传达，交流;通讯系统，交通（工具),交流
860,12,communism,0,n.共产主义，共产主义学说，共产主义制度,共产主义
861,12,community,0,n.社区，同一地区的全体居民；共同体,社区；共同体
862,12,detect,0,vt.探测，检测，测出察觉，发现，查明,测出；察觉；发现
863,12,deter,0,v.阻挠，阻止，威敢，使不敢,阻止；威慑
864,12,deteriorate,0,v（使)恶化，（（使)退化,（使)恶化；(使)退化
865,12,determine,0,vv决定，决心;确定，限定,决定；确定
866,12,develop,0,v.发展，开发，（（照片)冲洗，显影，发育，生长,发展；开发；发育；生长
867,12,device,0,n.装置，设备，方法,装置；设备
868,12,devise,0,v.必设计，发明,设计；发明
869,12,ensure,0,vt.确保，保证，担保，保证给予,确保；保证
870,12,entail,0,vt.使（某事物)必要，牵涉，需要，带来，引起;限定（地产)继承人n.（（地产的)限定继承,使（某事物)必要；牵涉；需要
871,12,indeed,0,adv.确实，实在;真正地,确实；真正地
872,12,independence,0,n.独立，自主,独立；自主
873,12,independent,0,adj.独立的，自主的，私营的;无党派的,独立的；私营的
874,12,index,0,n.索引，指标，标志，指数v.附以索引，编入索引,指标；标志；指数
875,12,mere,0,adj.仅仅的，只不过;纯粹的，极小的，极不重要的,仅仅的；只不过；纯粹的
876,12,merely,0,adv.仅，只，不过,仅；只
877,12,plausible,0,adj.（论点等)狐似有理的，（（说法等)似乎有道理的，花言巧语的，（指人)能说会道的（尤指行骗),狐似有理的；似乎有道理的
878,12,plea,0,n.居求，请求;答辩，辨护，辩解，托词，借口,层求；请求；辩护
879,12,plead,0,v.层求，请求，答辩，辩护，以…为理由，以…为借口（尤指因未做某事或做错某事),恳求；请求；辩护
880,12,plot,0,v.（plotted，plotting)绘制，标绘;密谋，策划n.小块土地;情节；阴谋，秘密计划,密谋；策划；情节
881,12,policy,0,n.政策，方针,政策
882,12,polite,0,adj.有礼瑶的，客气的，有教养的，文雅的,有礼狐的；客气的
883,12,political,0,adj.政治的,政治的
884,12,politician,0,n.政治家，政客,政治家；政客
885,12,politics,0,n.政治，政治学，政纲，政见,政治；政治学
886,12,poll,0,n.民意测验;投票，投票结果，（（pl.)政治选举，大选,民意测验；投票；政治选举
887,12,ponder,0,v.沉思，考虑；衡量，估量;回想，回顾,沉思；考虑
888,13,beam,0,n.（（光线的)束，柱，（（横)梁，术条v.微笑，发光，照射,（光线的)柬；微笑
889,13,become,0,v.成为，变得;适宜，同……相称；使(人)显得漂亮，使好看,成为；变得
890,13,deprive,0,v.(of)剥夺，使丧失,剥夺；使丧失
891,13,derive,0,v.取得，得到，妃溯……的起源（（或来由),得到；追溯……的起源（或来由)
892,13,describe,0,vt.形容，描述,形容；描述
893,13,description,0,n.描述，形容，种类，类型,描述；形容
894,13,deserve,0,vt.值得，应得,值得；应得
895,13,design,0,v.设计，绘制nm设计，图样,设计
896,13,designate,0,vt.指明，标明，指定，指派,指明；指定
897,13,desirable,0,adj.称心的，合意的,称心的；合意的
898,13,desire,0,vt.希望，渴望nm愿望，和欲望，要求,光望；欲望；要求
899,13,flaw,0,n.和裂缝，缺陷，缺点,缺陷；缺点
900,13,flexible,0,adj.和柔韧的，易弯曲的，可变通的,可变通的
901,13,fling,0,Vv（用力)扔，掷，抛，丢,
902,13,flourish,0,流畅的曲线，炉耀v茂已，繁荣，兴旺，挥舞，舞动;炉握,繁荣；兴旺
903,13,grow,0,v.成为;增长，生长，成长种植，栽种,增长；生长；成长；种植
904,13,grown-up,0,adj.成熟的，成人的n.成年人,成熟的；成年人
905,13,growth,0,n.生长，增长，发展,生长
906,13,hinder,0,v.芒碍，阻止adj.后面的，后部的,妨碍；阻止
907,13,hint,0,n.上暗示;建议，线索，细微的迹象v，(to)暗示，示意,瞳示；示意
908,13,hitherto,0,adv.到目前为止，迄今,到目前为目；启今
909,13,impact,0,n.冲击，撞击，影响，作用vt.压紧，对某事物有影响,影响；对某事物有影响
910,13,impair,0,削弱，减少，损害，损伤,削弱；损害；损伤
911,13,impart,0,vt.给予，传授，告知，透露,传授
912,13,implement,0,vt.实施，执行，贯彻mn工具，器具，用具,实施；执行；贯彻；工具
913,13,implication,0,n.含意，暗示,含意；暗示
914,13,implicit,0,adj.(in)不言明的，含荤的;无疑问的，绝对的,不言明的；含营的
915,13,imply,0,vt.意指，意味着，暗示,意味着；暗示
916,13,import,0,v.进口，输入nm进口，输入，进口商品，进口物资;重要性，售意，意思,进口；进口商品；含意
917,13,importance,0,n.重要（性)，重大,重要（性)
918,13,important,0,adj.重要的，重大的;有权力的,重要的；重大的
919,13,impose,0,v(on，upon)征（税)，加（负担、和王罚等)于，把…强加于利用，占便宜,加【和负担、每罚等)于；把…强加于
920,13,impress,0,v.(Con)印，盖印，留下印象，使钦佩;铭记n.压痕，印记,留下印象；使钦佩
921,13,impression,0,n.印象，感想，压印，压痕，滑智模仿，印次，印数,印象；感想
922,13,impressive,0,adj.给人深刻印象的，感人的,给人深刻印象的
923,13,improve,0,v.改善，增进，提高,改善；提高
924,13,impulse,0,n.推动力，驱动;冲动，一时的念头，脉冲,推动力；冲动；一时的念头
925,13,limit,0,n.界限，限度，范围v.限制，限定,限度；限制；限定
926,13,limitation,0,n.限制，局限性,限制；局限性
927,13,limited,0,adj.有限的，被限制的，（（企业等)有限责任的,有限的
928,13,origin,0,n.起源，由来，（pl.)出身，血统,起源；出身
929,13,original,0,adj.最初的，原始的，原先的，新颖的，有独创性的n.原物，原作，原文,最初的；新颖的；原作；原文
930,13,originate,0,v.发源，产生，引起，开创，发明,发源；开创；发明
931,13,petition,0,"n,请愿，请愿书，(向法院递交的)申请书，正式的请求v.向…请愿，正式请求，要求",请愿书
932,13,phase,0,n.阶段，时期，相，相位,阶段；时期
933,13,phenomenon,0,n.现象，非凡的人、物或事,现象
934,13,philosopher,0,n.哲学家，哲人,哲学家
935,13,philosophy,0,n.哲学,哲学
936,13,phrase,0,n.短语，词语，习语,短语；习语
937,13,physical,0,adj.自然科学的，物理的;肉体的，身体的;物质的，有形的,物理的；身体的；物质的
938,13,physician,0,n.医师，内科医生,内科医生
939,13,pierce,0,v.避刺入，刺穿，穿透，（（以目光、洞察力等)看透，识破,刺入；刺穿
940,13,corporate,0,adj.公司的，社团的，组成公司（或团体)的，法人的;全体的，共同的,公司的；法人的
941,13,corporation,0,n.公司;法人，法人团体,公司；法人
942,13,reason,0,v.(out)推理，推论，(with)说服，评理;讨论，辩论n.理由，原因;道理，理性，理智,推理；推论；理由；原因；理性；理智
943,13,reasonable,0,adj.合理的，有道理的，通情达理的,合理的；有道理的
944,13,recent,0,adj.新近的，近来的,新近的；近来的
945,13,serve,0,v.服务，履行职责;接待顾客，有用，起作用，满足，符合,服务；履行职责；有用；起作用；满足
946,13,servant,0,n.仆人，佣人，佣工，雇员；忠于某人的人,仆人；佣人；雇员
947,13,service,0,n.服务，帮助;公共设施，公共事业;维修，保养，行政部门，服务机构vt.维修，保养,服务；行政部门；服务机构
948,13,set,0,"v.放置；确定，决定，树立;创造校正，调整，落山，下沉adj.约定的，规定的，指定的，固定不变的，习惯的n.一套,一副，一组;电气(或电子)器械（如收音机、电视机、电话机、发报机、收报机等)",确定；决定；规定的；一套；一副；一组
949,13,setback,0,n.氛折，退步，（病的)复发，延迟，阻碍,氛折；退步；阻碍
950,13,setting,0,"nm安置，安装;环境,青景",环境；背景
951,13,settle,0,Vi.安定，安顿，停息，定居;解决，调停,安顿；定居；解决；调停
952,13,settlement,0,n.解决，调停，协议，移民地，新住宅区【解】n.定居点,解决；定居点
953,13,several,0,pron.几个，数个，一些adj.各自的分别的,几个；一些
954,13,severe,0,adj.严厉的，严格的，剧烈的，严重的,严厉的；严重的
955,13,shape,0,n.形状，外形;体形，身段，（尤指健康)状况;种类v.使成形，塑造，形成，决定,形状；使成形；塑造；形成
956,13,share,0,n.一份，份额，一部分;股份。v.分享，分担;合用;均分，分排，分配,一份；份额；股份；分享；分担；分配
957,13,sharp,0,adj.锋利的，锐利的;轮廓分明的，鲜明的;急转的，突然的;刺耳的，敏锐的，机和警的adv.准时地,锋利的；轮廓分明的
958,13,shelter,0,v.的项，庇护，为……提供避难所;躲避，避难，蔡自己找借口,躲避处
959,13,sophisticated,0,adj.老于世故的，老练的，复杂的，精密的，尖端的，高度发展的,复杂的；精密的；尖端的
960,13,sovereign,0,"n.君主，统治，元首adj.至高无上的，君主的,独立自主的，完全的",独立自主的
961,13,sow,0,vt.播种，传播，激起,播种；传播
962,13,toll,0,n.通行税（费)，代价，损失，钟声v.鸣钟（特指宣布死亡),通行税（费)；损失
963,13,tone,0,n.音调（色)，风气，气氛;腔调，语气，色调,音调；腔调；语气
964,13,topic,0,n.话题，主题，题目,话题；主题
965,14,perform,0,"Y演奏，演由,表演，做，执行，完成;工作,雪现",演出；表演；执行；表现
966,14,performance,0,n.执行，履行，做;表演，演出;演技，表现，行为;业绩,执行；表演；演出；表现；业绩
967,14,period,0,n.周期，一段时间，时期，时代，学时，课时，句点，句号,周期；一段时间；时期；时代
968,14,periodical,0,adj.周期的，定期的_n.（学术)期刊，杂志,期刊；杂志
969,14,perish,0,v.死亡，丧生，毁灭，消亡（食物等)腐败，腐烂，（（物质或材料)老化，脆裂,死亡；席灭；消亡
970,14,perpetual,0,adj.永恒的，反复的;没完没了的,永恒的；反复的
971,14,perplex,0,vt.使困惑，使茫然，使复杂化，使难办,使困惑；使复杂化
972,14,perspective,0,n.观点，看法;判断力，洞察力；透视画法，透视图，远景，景观,看法；判断力
973,14,pessimistic,0,adj.悲观（主义)的,悲观（主义)的
974,14,optimistic,0,adj.乐观的，乐观主义的,乐观的
975,14,optimum,0,adj.最适宜的，最有利的,
976,14,option,0,n.选项，选择，可选择的事物，选择权，买卖的特权，买卖选择权，选修课,选择；选择权；买卖选择权
977,14,optional,0,adj.可以任选的，非强制的，选修的,可以任选的；非强制的
978,14,organ,0,n.（（宣方的)机构，机关:，（人体或动植物的)器官，风琴，管风琴,机构；器官
979,14,organic,0,adj.器官的，器质性的，有机物的;生物的，有机的，绿色的;演进的，（变化或发展)逐渐的，自然的,器官的；有机物的；有机的；演进的
980,14,organism,0,n.生物（体)，有机体，（（尤指)微生物，有机组织，有机体系,生物（体)；有机体
981,14,organization,0,n.团体，机构；组织;组织性，系统性,团体；机构；组织
982,14,organize,0,vt.组织，筹备，整理，使有和条理，安排，分配;规划，管理,组织；筹备；整理；使有条理；安排
983,14,enhance,0,vt.提高（价格、质量、吸引力等)，增加，增强,提高；增加；增强
984,14,enlarge,0,v.扩大，放大，增大；扩展，扩充,扩大；增大
985,14,enlighten,0,vt.启发，使摆脱偏见（或迷信，教育，使获得教益,启发；教育
986,14,rake,0,n.（长柄)友，友机，友状物，放荡的人，浪子，流让v.码，梳理，大量搜索，翻栓【解】v.（~in)赚大钱,梳理；大量搜索；赚大钱
987,14,rare,0,adj.稀少的，珍贵的，稀薄的，稀玻的,稀少的；稀薄的
988,14,rarely,0,adv.很少，难得，非常地,很少；难得
989,14,rate,0,n.比率，率;速率，速度，(税收、利息的)费率;价格，费用;等级，品级v.评估，估价，定级，列为,比率；率；速度；价格；费用；评估；定级
990,14,ratio,0,n.比，比率，比例,比；比率；比例
991,14,rational,0,adj.理性的，合理的,理性的；合理的
992,14,reach,0,v.抵达，到达，(out)伸手，够到，秀到n.能达到的范围，影响范围，波及范围,到达；够到；能达到的范围；影响范围
993,14,react,0,vi.反应，起作用,反应
994,14,realistic,0,adj.现实（（主义)的，明智的，能实现的,现实（主义)的；能实现的
995,14,reality,0,n.现实，实际（情况)，真实的事物，事实,现实；实际（情况)
996,14,realize,0,vt.认识到，了解到，理解，领会，实现，将……变为现实,认识到；实现
997,14,select,0,vt.选择，挑选，选拔；（在计算机屏幕上、从菜单中)选定，选取adj.精选的，选择的，优等的，一流的，只为富人（或上层人士)而设的,选择；挑选；精选的；优等的
998,14,selection,0,n.选择，挑选，选拔，精选物，选集;入选者,选择；挑选
999,14,sense,0,n.感觉，感官，官能;观念，意识，判断力，鉴赏力;见识，智慧，道理，合理性;意义，含义v感觉到，觉察到，意识到,感官；判断力；意义；感觉到；觉察到；意识到
1000,14,sensation,0,n.(身体上的)感觉，知觉，感觉能力，知觉能力；激动，诸动，计动一时的事情,感觉；知觉；计动；计动一时的事情
1001,14,sensible,0,adj.明智的，合情理的，可注意到的，明显的,明智的；合情理的
1002,14,sensitive,0,adj.敏感的，易受伤害的;艺术感觉好的;灵敏的，灵敏度高的;体贴的，善解人意的,敏感的；灵敏的；体贴的
1003,14,separate,0,adj.分开的，分离的，单独的，不同的，不相关的v.把……分开，隔开,分开的；单独的；不同的
1004,14,sequence,0,n.先后，次序，连续，一系列，一连串,次序；一系列；一连串
1005,14,serial,0,adj.连续的，连续广播的，连载的，顺序排列的mn.连载小说，连续剧，定期刊物,连续的；顺序排列的
1006,14,series,0,n.连续，一系列,一系列
1007,14,serious,0,adj.严肃的，庄重的，严重的，危险的，认真的,严肃的；严重的；认真的
1008,14,toast,0,n.烤面包，吐司;祝酒（词)，干杯。v.烘，烤;向……祝酒,烤；向……祝酒
1009,14,together,0,adv.共同，一起，合起来，集拢地,共同；一起；合起来
1010,14,token,0,n.表示，标志，和象征，证明，信物，纪念品，礼券，代价券，筹码，专用辅币adj.象征性的,标志；象征；专用辅币
1011,14,tolerance,0,n.容忍，耐性,
1012,14,tolerant,0,adj.容忍的，宽容的,容忍的；宽容的
1013,14,tolerate,0,vt.容忍，默许,容忍；默许
1014,14,accumulate,0,v.积累，积攒，积聚,积累；积育
1015,14,accuracy,0,n.准确性,准确性
1016,14,accurate,0,adj.准确的，正确无误的,准确的
1017,14,accuse,0,vt.（of)指控，指责,指控；指责
1018,14,achieve,0,Vv（（和赁长期努力)达到（某目标、地位、标准)；完成，成功,达到；完成
1019,14,acknowledge,0,\心承认，供认，对……表示感谢,承认
1020,14,cheer,0,v.喝彩，欢呼，鼓舞，鼓励nm.喝彩（（声)，欢呼（声),喝彩；欢呼；喝彩（声)；欢呼（声)
1021,14,chemical,0,adj.化学的，关于化学的;用化学方法的_n.化学制品，化学药品,化学的；化学制品；化学药品
1022,14,cherish,0,vt.珍爱，珍视，爱护，关心;抱有，怀有（希望、想法、感情等),珍爱；珍视
1023,14,chip,0,v.打破;切削（某物)n.(土豆等的)薄片，碎居，集成电路块,打破；集成电路块
1024,14,choice,0,n.选择（机会)，挑选，供选择的种类，选择项，入选者，精华adj.精选的，优质的,选择（机会)；挑选；选择项
1025,14,choose,0,"选择，措选，青欢,原意",选择；挑选
1026,14,board,0,n.板，木板，理事会，委员会，董事会，伙食，膳食费用v上船（车，飞机),董事会
1027,14,boast,0,n.自吹自擂，自夸的话，引以自豪的事物（或原因)v.（of，about)自吹自擂，夸焰，吹哈;以拥有……而自豪，有，包含,自吹自擂；夸耀；歇吐；有
1028,14,bonus,0,n.奖金，红利，补贴，额外的好处，意外收获,奖金；红利；补贴
1029,14,boom,0,n.低沉有回响的声音，（（经济、工商业等)繁荣期，迅速发展，（（城镇等的)兴起v.暴涨，激增;迅速发展，繁荧；发出隆隆声,繁荣期；迅速发展；繁荣
1030,14,boost,0,v.往上推!增加，提高n.增加，帮助，鼓励,增加；提高
1031,14,verbal,0,adj.用言辞的，用文字的;口头的，动词的,用文字的；口头的
1032,14,verdict,0,n.判断，裁定，（on)定论，意见,裁定；意见
1033,14,verify,0,已证明，证实，查对，查清,证明；证实
1034,14,verse,0,"韵文,请;诗节,请条",诗；诗句
1035,14,version,0,"型式)，版本，变化形式，译文，译木，翻译，说法,看法",版本
1036,14,vessel,0,n.船，舰;容器，器严;管，血管,船；般；管；血管
1037,15,holy,0,adj.神圣的，圣洁的,神圣的
1038,15,honor,0,n.苯敬，敬意，荣誉，光荣，荣寺，使感到光荣的人或事vt.尊敬，给以荣誉,尊敬；敬意；荣誉；光荣；给以荣誉
1039,15,honorable,0,adj.尊敬的，高尚的，荣誉的，光荣的,尊敬的；光荣的
1040,15,horizon,0,n.地平（线)，（（和知识、思想、经验、阅历、兴趣等的)范围，眼界，见识,地平（线)；范围；眼界；见识
1041,15,horizontal,0,"adj.水平的，地平线的mn,水平线(面)",
1042,15,ingenious,0,adj.（人、头脑)灵巧的，机灵的;（主意等)别出心裁的，巧妙的,灵巧的
1043,15,ingredient,0,n.组成部分，成分,组成部分；成分
1044,15,initial,0,adj.最初的，开始的，开头的。n.（名字的)首字母,最初的；开始的
1045,15,initiate,0,vt.开始，发起，使初步了解，让……加入,开始；发起
1046,15,initiative,0,n.主动性（权);进取心【解】n.倡议，新方案,主动性(权)；倡议；新方案
1047,15,local,0,adj.地方的，当地的，局部的,地方的；当地的；局部的
1048,15,locality,0,n.位置，地点,
1049,15,locate,0,vt.指出（地点或位置);使……坐落于，位于,指出（地点或位置)；位于
1050,15,location,0,n.位置，场所,位置
1051,15,neglect,0,vt/n.忽视，忽略;朴忽，玩忽,忽视；忽略；疏忽
1052,15,negligible,0,adj.可忽视的，微不足道的,可忽视的；微不足道的
1053,15,prescribe,0,v.规定，指定;开（药)，开处方,开（药)；开处方
1054,15,prescription,0,n.药方，处方，开处方，开药;计划；建议，秘诀,药方；处方
1055,15,presence,0,n.出席，到场;存在,出席；存在
1056,15,present,0,vt.赠送，给予，提出，递交;星现，表现，引见，介绍adj.出席的，到场的，现在的，目前的n.礼品，赠品;现在，目前,给予；呈现；现在的；目前的；现在；目前
1057,15,presently,0,adv.一会儿，不久;现在，目前,现在；目前
1058,15,preserve,0,vt.保护，保存【解】n.（（某群体)专有的活动,保护；（某群体)专有的活动
1059,15,preside,0,vi.（at，over)主持，主管，担任（会议)主席，(over)掌管，领导,主持
1060,15,press,0,n.报刊，新闻界，出版社，印刷厂;报道，评论，与论;按，挤，压，压力机v.按，挤，压;挤压，榨取;催促，表,报刊；新闻界；按；压；催促
1061,15,pressure,0,n.压（力)；强制，压迫,压(力)；压迫
1062,15,prestige,0,n.威望，威信，影响力,威望；威信；影响力
1063,15,presumably,0,adv.推测起来，大概,大概
1064,15,presume,0,v.推测，假定，假设，认为，推定，冒昧，胆敢做某事,假定；假设
1065,15,prevent,0,vt.防止，预防,防止；预防
1066,15,previous,0,adj.先前的，以前的,先前的；以前的
1067,15,prey,0,被捕食的动物，铺获物，[响]受损害者，笨牲品von/upon)捕食，掠夺，折磨，损害,捕获物；捕食
1068,15,reliable,0,adj.可靠的,可靠的
1069,15,reliance,0,n.(on)依靠，依赖,依靠；依赖
1070,15,religion,0,n.宗教，信仰，信念，信条,宗教
1071,15,religious,0,adj.宗教的，信教的，虔诚的,宗教的
1072,15,rely,0,v.(on/upon)依赖，依靠，信赖，信任,依赖；依靠；信任
1073,15,straight,0,adj.直的，笔直的;整齐的，端正的;正直的adv.直接地，正直地，直率地,直接地；直率地
1074,15,straightforward,0,adj.正直的，坦率的;简单的,简单的
1075,15,strain,0,v.使紧张，尽力使用，拉紧，绷紧，使损伤，使过劳n.拉力，张力;努力，尽力;过度，极度紧张;损伤，劳损,使损伤；使过劳；损伤；劳损
1076,15,strategy,0,n.战略，策略,战略；策略
1077,15,strength,0,n.力量，力气;实力，活力，效力,力量；实力
1078,15,strengthen,0,vt.加强，观固,加强；巩固
1079,15,strenuous,0,adj.努力的;奋力的，顽强的，紧张的，艰辛的，费力的，繁重的,奋力的
1080,15,transaction,0,n.办理，处理，交易，事务;（pl.)会报，学报,办理；交易
1081,15,transfer,0,v.转移，调动，转让，让与_n.迁移，转移，调动【解】n.转变,转移；调动；转变
1082,15,transform,0,v.牙变，改造，交换，使改观,改变；改造；使改观
1083,15,transient,0,adj.短暂的，转瞬即逝的，临时的,短暂的；转瞬即逝的
1084,15,translation,0,n.翻译，译文，译本,翻译；译文
1085,15,architect,0,n.建筑师，设计师，缔造者，创造者,建筑师；设计师
1086,15,architecture,0,n.建筑学，建筑术，建筑风格，建筑式样;结构,建筑学；建筑风格；结构
1087,15,archive,0,n.档案，档案馆，档案室v.把……存档，把……归档,档案；档案室
1088,15,area,0,n.地区，区域，范围，领域,地区；区域；领域
1089,15,arena,0,n.圆形运动场，圆形剧场，斗争场所，竞争舞台，活动场所,竞争钴台
1090,15,argue,0,v.争论，辩论，主张，说服,争论；辩论；主张
1091,15,argument,0,"争论，辩论;论据,论点",争论；辩论；论据
1092,15,arise,0,v.形成，产生，出现，上升，升起，起立，起身,产生；出现
1093,15,arouse,0,vt.使……奋发，引起，唤起，激起;唤醒,引起；激起
1094,15,array,0,n.显眼的，一系列，大量，排列，队形vt.部署（尤指兵力等)，穿着，打扮,一系列；大量
1095,15,visible,0,adj.看得见的，可见的，明显的，有形的,可见的；明显的
1096,15,vision,0,n.视力，视觉，想象，约想目光，眼力,想象；约想；目光
1097,15,visual,0,adj.看的，视觉的,视觉的
1098,15,vital,0,adj.（有)生命力的，致命的，极其重要的,生命力的；极其重要的
1099,15,vivid,0,adj.鲜艳的，生动的，棚棚如生的,生动的；棚棚如生的
1100,15,void,0,adj.空的，（of)无效的，没有的，缺乏的,空的；无效的；缺乏的
1101,15,volume,0,n.容积，体积;卷，册;音量，响度,体积；卷；册；音量
1102,15,consequence,0,n.结果，后果;影响，重要性,结果；后果；影响
1103,15,consequently,0,adv.因而，所以,因而；所以
1104,15,conservation,0,n.保存，保护，避免损失,保存；保护
1105,15,conservative,0,adj.保守的，守旧的。n.保守主义者,保守的；守旧的
1106,15,consider,0,v.考虑，细想;认为，把……看做，体贴，关心,考虑；细想；认为
1107,15,considerable,0,adj.相当大（多)的，可观的,相当大（多)的；可观的
1108,15,considerate,0,adj.考虑周到的，体谅的,考虑周到的；体谅的
1109,15,consume,0,v.消耗，花费，吃，喝,花费
1110,15,consumption,0,n.消费（量)，消耗，（医)肺结核，肺病,消费（量)
1111,15,dispute,0,v.争论，争执,争论；争执
1112,15,dissolve,0,v.溶解，融化;使溶解，使融化解散，取消,溶解；使溶解；解散
1113,15,exchange,0,"此交换，调换，况换，交流，交易n交换，互换，吕换，交流，交易，交换台,交易所",竞换；交易；交换；兑换；交流
1114,15,exclude,0,vt.拒绝，把……排除在外，排斥,把……排除在外
1115,15,exclusive,0,adj.专有的，独占的，除外的，排他的，（（商品、商店的)高档的，豪华的，高级的n.独家新闻，独家报道,专有的；独占的；排他的
1116,16,confine,0,vt.使不外出，幽禁，禁闭:限制，使局限,使不外出；禁闭；限制；使局限
1117,16,confirm,0,v.忆加强，巩固，证实，肯定;批准，确认,证实；确认
1118,16,conflict,0,"n.（（尤指长期的)战争，战斗,冲突，抵触v冲突，抵触",冲突；抵触
1119,16,confidence,0,n.信任，人信心，自信，把握;私下里说的话，秘密话,信任；自信；把握
1120,16,confident,0,adj.（of，in)确信的，自信的,确信的；自信的
1121,16,confidential,0,adj.秘密的，机密的，受信任的，委以机密的,秘密的；机密的
1122,16,configuration,0,n.布局，结构，构造，格局，形状;（计算机的)配置,布局；配置
1123,16,trail,0,n.踪迹，痕迹;（乡间)小道vt.追踪，跟踪,踪迹；痕迹；小道；跟踪
1124,16,train,0,n.列车，火车;行列v训练，培养【解】n.（>~of)一系列，一串,列车；火车；训练；培养；一系列；一串
1125,16,training,0,n.训练，培养,训练；培养
1126,16,trait,0,n.特征，特点，特性,特征；特点；特性
1127,16,view,0,景象，风景，意见，见解，观察，观看;眼界尼看待，观察;考虑,风景；见解；眼界；看待
1128,16,viewpoint,0,n.观点,
1129,16,violence,0,n.暴力，暴行，狂热，强烈的感情;激烈，狐烈,暴力；暴行
1130,16,violent,0,adj.猛烈的，激烈的，强暴的，暴力引起的,猛烈的；暴力引起的
1131,16,virtual,0,adj.实际上的，事实上的;（计)虚拟的,实际上的；虚拟的
1132,16,virtue,0,n.美德，德行，优点，长处,美德；优点
1133,16,apparent,0,adj.显然的，明明白白的;表面上的，瑶似（真实)的,表面上的
1134,16,appeal,0,v.有感染力，有吸引力;诉诸，求助;上诉，申诉，呼吁，层求n.呼吁，有居求，诉请，上诉;感染力，吸引力,有吸引力；上诉；申诉；呼吁；明求；基求；吸引力
1135,16,appear,0,Vi.出现，暴露，出场，问世;来到，好像是，仿佛,出现；问世；好像是
1136,16,appearance,0,n.出现，出场，露面，外表，外观，外艇,出现；外表；外观；外瑶
1137,16,appliance,0,n.用具，器具,用有具；器具
1138,16,applicable,0,adj.（to)能应用的，适用的,适用的
1139,16,application,0,n.（for)请求，申请;申请书（表);(to)适用，应用,申请；申请书；应用
1140,16,appoint,0,vt.任命，委派;约定，指定,任命；委派
1141,16,appointment,0,n.约会，预约，约定;任命，委托，职务，职位,预约；约定；任命
1142,16,apply,0,v.涂，敷，应用，使用;（在称呼人或物时)用上(字眼)；使（自己)致力于,应用；使用；申请
1143,16,appreciate,0,vv欣赏，赏识，重视，感激;（充分)意识到，理解，领会，涨价，增值,欣赏；感激；意识到；理解
1144,16,discriminate,0,v.区别，辨别，有区别地对待，歧视,有区别地对待；歧视
1145,16,discuss,0,\心讨论，商议,讨论
1146,16,disease,0,n.疾病,疾病
1147,16,escape,0,n.逃跑，逃脱。v(from)逃跑，和逃脱，躲避，避免,逃脱；逃跑；避免
1148,16,especially,0,adv.特别，尤其,特别；尤其
1149,16,essay,0,n.文章，短文v企图，试图,文章；短文
1150,16,essence,0,n.本质，实质，要素,本质；实质
1151,16,essential,0,adj.(to)必要的，必不可少的;本质的，基本的,必不可少的；本质的；基本的
1152,16,establish,0,v.已建立，设立，查实，确定，证实，(as，in)安置，使定居，派任,建立；查实；证实
1153,16,estimate,0,vtVn.估计，估价,估计；估价
1154,16,ethic,0,n.（pl.)道德体系，道德准则，伦理标准，行为准则；伦理学，道德学,道德体系；道德准则；行为准则；伦理学
1155,16,ethnic,0,adj.民族的，种族的，某文化群体的（典型的)nm.少数民族的成员，种族集团的成员,民族的；种族的
1156,16,evaluate,0,vt.估价，评价,评价
1157,16,industrial,0,adj.工业的，产业的,工业的；产业的
1158,16,industrialize,0,v（使)工业化,（使)工业化
1159,16,industry,0,n.工业，产业，勤劳，勤奋,工业；产业
1160,16,inevitable,0,adj.不可避免的，必然发生的,不可避免的；必然发生的
1161,16,miserable,0,adj.痛苦的，慧惨的,痛苦的
1162,16,misery,0,"痛苦，翡愉,不垃",痛苦
1163,16,mislead,0,vt.把……引错方向，把……引入歧途，误导，使产生错误想法，使误信:，坎骗,误导；使误信
1164,16,mix,0,"v.合群,（使)混合，混淆",（使)混合；混淆
1165,16,mixture,0,n.混合，混合物，混合剂,混合；混合物
1166,16,necessary,0,adj.必需的，必要的;必然的，无法避免的,必要的
1167,16,necessitate,0,vt.使成为必要，需要;（常用被动)迫使,需要
1168,16,necessity,0,n.必要（性)，(人迫切)需要;必需品，必然性，迫不得已，贫困,必要(性)；必需品；必然性
1169,16,negative,0,"adj.和否定的，消极的，阴性的_n.负数,（摄影)底片",否定的；消极的
1170,16,negotiate,0,"vv谈判,交涉,商议",商议
1171,16,outer,0,adj.外部的，外面的，外层的,外部的；外面的
1172,16,outlet,0,n.出路，出口，发泄途径【解】n.经销店,出路；出口；发泄途径；经销店
1173,16,outline,0,n.轮廓，外形，提纲，大纲，梗概,轮廓；梗概
1174,16,outlook,0,n.景色，风光;观点，见解;前景，展望,观点；前景；展望
1175,16,output,0,n.产量，输出量,产量；输出量
1176,16,poverty,0,n.贫穷，贫困,贫穷；贫困
1177,16,power,0,n.力，能力，功率，动(电)力;权（势)力，政权【解】v.提供动力,能力；权势)力；政权；提供动力
1178,16,practical,0,adj.实际的，实用的,实际的
1179,16,practice,0,n.练习，实习，实践，实际;业务，开业,练习；实践；业务
1180,16,practise,0,v.实践，实行，实习，训练，养成……的习惯，从事，执业,实践；实习；训练
1181,16,practitioner,0,n.习艺者，实习者，从业者（尤指行医者),从业者
1182,16,preach,0,v.讲道，布道，极力劝说，说教，况力鼓吹，宣传,讲道；布道；竟力鼓吹；宣传
1183,16,precede,0,v.心在（(……之)前，先于,先于
1184,16,precaution,0,n.预防，和警惕，预防措施,预防；预防措施
1185,16,precedent,0,n.先例adj.在前的，在先的，优先的,先例
1186,16,preceding,0,adj.在前的，前面的，在先的,前面的
1187,16,precious,0,adj.珍贵的，贵重的,珍贵的
1188,16,precise,0,adj.精确的，准确的,精确的
1189,16,precision,0,n.精确，精密度,精确；精密度
1190,16,stress,0,n.压力，紧张，着重，强调vt.着重，强调,压力；强调；着重
1191,16,stretch,0,v.伸展，伸直（身体)，伸长（腹膊、腿)；延伸，编延，延续，延长，使倾注全力，使竭尽所能_n.舒展，伸长;一片，一段（距离);（连续的)一段时间,伸展；延伸；绵延；延续；一段时间
1192,17,remote,0,"adj.（时间，距离)遥远的，偏僻的,（关系)疏远的，远离的，冷淡的;极不相同的，相差很大的",琐远的；偏僻的
1193,17,remove,0,v.搬迁，移动，移开，挪走，去掉，消除，脱去（衣服等)；开除，撤职,移开；去掉
1194,17,removal,0,n.移动，迁居，除去，切除，免职，开除,移动；除去
1195,17,remain,0,v.剩下，余留;留待，尚需，仍然是，依旧是，保持不变,剩下；余留；仍然是；保持不变
1196,17,remainder,0,"mn翻祭物，剩余时间，残余部分，其他人员，余数，余项,益数",剩余物；其他人员
1197,17,remains,0,n.(以)残余（物);遗迹，废墟，遗体,残余（物)；遗迹；废墟
1198,17,remedy,0,n.治疗，治疗法，药品，补救（办法)，纠正（办法)vt.医治，治疗;补救，纠正;革除，消除,治疗法；药品；纠正（办法)；治疗；纠正
1199,17,remember,0,v.记得，回想起，不忘记，代……问候，向……送礼,记得；回想起
1200,17,remind,0,vt.提醒，使想起,提醒；使想起
1201,17,render,0,v.使得，使成为;给予，回报；提出，呈报,使得；给予
1202,17,contemporary,0,"adj.同时代的，同时发生的;现代的，当代的。nm.同代人,（几乎)同年龄的人",现代的；当代的
1203,17,contempt,0,n.轻视，轻藏;（对规则、危险等的)划视，毫不苦惧,轻视；得视
1204,17,content,0,n.容量，含量，内容，目录;(单数)(书、文章、讲话、计划等的)主题，要上由;(网站上的)信息内容adj.满意（足)的，异意的,容量；含量；内容；满意（足)的
1205,17,contend,0,Vi.竞争，争夺，声称，主张,声称；主张
1206,17,contest,0,n.竞赛，比赛，(控制权或权力的)竞争，争夺v和争夺，竞争，争论，就…提出异议,竞赛；比赛；争论
1207,17,context,0,n.上下文，语境;（事件发生的)环境，背景,上下文；语境;（事件发生的)环境；背景
1208,17,contract,0,n.[律]合同，契约v缩小，缩得，缩紧，立约规定（或雇佣、承担、执行等);[医]感染（疾病)，患（病),合同；契约；缩小；立约规定（或雇佣、承担、执行等)
1209,17,contradict,0,vv反驳，同……相矛盾,同……相矛盾
1210,17,contrary,0,adj.相反的，对抗的，好与人作对的;对方的_n.相反的事物，反对，对立面,相反的；相反的事物
1211,17,contrast,0,v.使成对比，使成对照，形成对比，显出明显的差异n.对照，对比，差异，差别，明显不同的人（或事物),使成对比；使成对照；对照；对比；差异；差别
1212,17,diverse,0,adj.多种多样的，不同的,多种多样的
1213,17,diversion,0,n.转向，转移，转移注意力的事物，娱乐，消者,转向；转移；转移注意力的事物
1214,17,divert,0,vt.转移（某人的)注意力;（使)转向;改变（资金、材料等)的用途，挪用资金，盗用;使（某人)得到消遗或娱乐,转移（某人的)注意力;（使)转向；改变（资金、材料等)的用途
1215,17,divide,0,vv分，划分;分裂;分配，分享，分担;分开，隔开除【解】v.使产生分歧n.（（尤指不同群体在信仰或生活方式上的)差异，分歧，不同，时间、过程的)分,分配；分开；除；使产生分歧；分歧
1216,17,dividend,0,n.股息，红利，报酬，被除数,股息；红利
1217,17,division,0,"下分开，分配，部门(科，处，系等)，差异,分玻;除法",分开；分配；分歧
1218,17,document,0,n.公文，文件，文献，(计算机)文档v记录，记载（详情),文件；文献；记录；记载（详情)
1219,17,documentary,0,adj.文献的，文件的，记录的，纪实的n.(文献)纪录片,文献的；文件的；纪实的
1220,17,execute,0,vt.实行，实施，履行，[常用被动态](尤指依法)处决，处死，[律]执行（法令)，使（法律文件)生效,实施；执行（法令)
1221,17,executive,0,n.（（总)经理，董事，高管，行政负责人;（政府的)行政部门adj.实行的，执行的，行政的,经理；高管；行政负责人；执行的；行政的
1222,17,exemplify,0,vt.例示，举例证明,例示；举例证明
1223,17,exert,0,"此用(力)，尽(力)，运用，行使，发挥,施加（压力等",运用；行使；施加（压力等)
1224,17,exhaust,0,v.使入疲力尽，使疲惫不堪，用完，耗尽，汲空，抽完n.排气装置，废气,使筋疲力尽；耗尽；废气
1225,17,exist,0,vi.存在，实际上有;（尤指在困境或贫困中)生活，生存,存在
1226,17,existence,0,n.存在，生存，（尤指艰难或无聊的)生活（方式),存在；生存；生活(方式)
1227,17,exotic,0,adj.由外国引进的;吸引和人的，漂亮的，珍奇的，奇异的n.外来物，外来品种，外来语,由外国引进的
1228,17,moral,0,adj.道德(上)的，道义的，品行端正的，有道德的n.（pl.)品行，道德规范寓意，教育意义,道德(上)的；品行；道德规范；寅意
1229,17,morality,0,n.道德（规范)，伦理;美德,道德（规范)；美德
1230,17,moreover,0,adv.再者，此外，而且,此外；而且
1231,17,mostly,0,adv.几乎全部地，主要地，大部分，基本上,几乎全部地；主要地；大部分；基本上
1232,17,prior,0,adj.先前的，较早的，优先的;更重要的,先前的；较早的；优先的
1233,17,priority,0,n.（时间，顺序等的)先，前，优先，优先权;优先事项，最重要的事,优先权；优先事项；最重要的事
1234,17,privacy,0,n.隐居；私事，隐私,隐私
1235,17,private,0,adj.私人的，个人的;秘密的;私立的，私营的,私人的；私营的
1236,17,privilege,0,n.特权，优惠，特殊的待遇，特殊的荣幸,特权；特殊的待遇
1237,17,prudent,0,adj.廊慎的，小心的，有先见之明的;会打算的,讶慎的
1238,17,submit,0,v.屈服，服从，投降，听从，听任;提交，呈递（建议、报告或请求),屈服；提交；呈递
1239,17,subordinate,0,adj.下级的，附属的，次要的,下级的；附属的
1240,17,subscribe,0,v.捐助，玩助，订阅，订购;同意，签名,订阅；订购；同意
1241,17,subsequent,0,adj.随后的，后来的,随后的；后来的
1242,17,substance,0,n.物质，要则，基本内容;实质，本质，财力，资产,物质；实质
1243,17,substantial,0,adj.实质的，真实的，坚固的，结实的，大量的，富裕的，重要的,实质的；大量的
1244,17,substitute,0,n.代替者，代替物v代蔡，苦换,代蔡者；代替物；代替
1245,17,subtle,0,adj.微妙的，巧妙的，细微的，细致的，细心的，敏锐的，精妙的，灵巧的,微妙的；巧妙的；细微的；敏锐的
1246,17,associate,0,"v（使)联系,(（使)联合,（使)结合(with)结交，交往n.伙伴，合伙人，同事adj.联合的，联盟的，合伙的;副的;非正式的",（使)联系；伙伴；合伙人；同事；副的
1247,17,association,0,n.协会，团体，联合，联系，交往，联想,协会；联合；联系；交往；联想
1248,17,amend,0,vt.修改，修订，改进，改善,修改；改进
1249,17,among st,0,prep.在…之中，在……中间,
1250,17,amount,0,n.数量，总额vi(to)达到.….之多,数量；总额
1251,17,ample,0,adj.充足的，丰富的，宽敞的，面积大的,充足的
1252,17,amuse,0,此带乐，运笑，给……提供娱乐(或消道),逗乐
1253,18,stick,0,"n.棍，棒，拐杖v刺，翼，搬入，粘住，粘贴,（尤指迅速或随手)放置",刺；稚；粘贴
1254,18,stimulate,0,vt.刺激，促使，使兴奋,刺激；使兴奋
1255,18,stir,0,v.搅动，搅拌，使微动，移动;使行动，使奋起;引起，激起n.激动，篆动;纷乱，骚动;搅动,引起；激起；激动
1256,18,stipulate,0,v.规定，明确要求,规定；明确要求
1257,18,infer,0,vt.（from)（根据已知事实等)推断，推定,推断
1258,18,inference,0,n.推论，推理，结论，推断结果,推论；推理；推断结果
1259,18,inferior,0,adj.（to)下等的，下级的，差的，次的n.下级，晚辈,下等的；下级的；差的；次的
1260,18,influence,0,n.（on，over，with)影响，感化;势力，权势vt.影响，感化,影响
1261,18,influential,0,adj.有影响的，权势的,有影响的；权势的
1262,18,inform,0,v（of，about)通知，告诉，报告，告发，告密,通知；告诉
1263,18,information,0,n.情报，资料，消息，信息,情报；资料；信息
1264,18,approach,0,n.靠近，接近;（处理问题的)方法，态度【解】v（着手)处理，（开始)对付,方法；态度；靠近；接近；(着手)处理；(开始)对付
1265,18,appropriate,0,adj.恰当的，相称的,恰当的
1266,18,approval,0,n.（of)赞成，批准，同意，认可,赞成；批准；同意；认可
1267,18,approve,0,v.批准，核准，通过；（of)赞成，同意,批准；通过；赞成；同意
1268,18,apt,0,adj.（习性)易于……的，有……'倾向的，恰当的，聪明的,(习性)易于……的；有……倾向的
1269,18,conform,0,v.相似，一致，符合；遵照，遵从，适应,一臻；符合；遵从
1270,18,confront,0,"vt.（（使)面临,（使)遭遇，勇敢地面对，正视","（使)面临,（使)遭遇；勇敢地面对"
1271,18,confuse,0,vt.使混乱，混淆,使混乱；混淆
1272,18,confusion,0,"nm混乱,混淆",混乱；混淆
1273,18,congress,0,n.（代表)大会;美国等国的)国会，议会,国会；议会
1274,18,connect,0,v.连接，连结，联系，结合，使有关系,连接；联系
1275,18,connection,0,n.联系;连接,联系；连接
1276,18,conscious,0,adj.神志清醒的，有……'意识的;意识到的，自觉的,有……意识的；意识到的；自觉的
1277,18,continual,0,adj.不断的，连续的;（令人厌烦地)反复的，频繁的,连续的；频繁的
1278,18,continue,0,v.连续，继续（（做);持续，不断发生;（中断后)继续，再开始，继续说;（朝同一方向)延伸，移动,继续（做)；持续
1279,18,continuous,0,adj.连续的，持续的,连续的；持续的
1280,18,dismiss,0,vt(from)解雇，免职,解雇
1281,18,disorder,0,n.混乱，和杂乱，骚乱，失调，疾病,混乱；失调；疾病
1282,18,disperse,0,v.分散，驱散，散去,分散
1283,18,displace,0,V必转移，蔡代，撤换,蔡代
1284,18,display,0,vt./n.陈列，展览,陈列；展览
1285,18,distribute,0,vt.分配，分发分布，散布,分配；分发；分布
1286,18,distort,0,"此扭村扭曲(使)失真;亚覃,曲解",看曲；曲解
1287,18,distract,0,vt.使转向，使分心，分散（思想),使分心；分散（（思想)
1288,18,evolution,0,n.进化，发展，演化,进化；发展
1289,18,evolve,0,v.使发展，使进化，演变,使发展；使进化；演变
1290,18,exaggerate,0,v.硒张，夸大，对……言过其实,夸张；夸大
1291,18,examine,0,v.检查，细查，对……'进行考试,检查；细查
1292,18,mock,0,v.嘲笑，嘲弄;（尤指为了取笑)模仿挫败，向……挑战n.嘲笑，嘲弄，讨笑；模拟考试adj.仿制的，假装的;模拟的，演习的,嘲笑；嘲弄
1293,18,mode,0,n.方式，式样,方式
1294,18,model,0,n.模（原)型;样（模)式;模范，典型，榜样adj.模范的，榜样的vt.（仿特定样式或模式)做出，仿效，模仿,模（原)型；样（(模)式；模范；典型；模仿
1295,18,moderate,0,adj.温和的，有节制的，适度的，中等的,温和的；适度的
1296,18,modern,0,adj.现代的，近代的，新式的,现代的；新式的
1297,18,modernization,0,n.现代化,现代化
1298,18,modest,0,adj.谦虚的，谦逊的;适度的，不太大的,谦虚的；适度的；不太大的
1299,18,modify,0,\t.修改，缓和，减轻，修饰,修改；缓和；减轻
1300,18,predecessor,0,n.前辈，前任；（被取代的)原有事物,前辈；前任
1301,18,predict,0,vt.预言，预测，预告,预言；预测；预告
1302,18,preface,0,n.序言，引言，前言,序言；前言
1303,18,preferable,0,adj.(to)更可取的，更好的,更可取的；更好的
1304,18,preference,0,n.(for)偏爱，喜爱，优待，优惠，优先（权),偏爱；优先（权)
1305,18,prejudice,0,n.偏见，成见，歧视，损害，侵害,偏见；成见
1306,18,preliminary,0,adj.预备的，初步的,预备的；初步的
1307,18,premier,0,n.首相，总理,首相；总理
1308,18,premise,0,v.预先提出;以…作为前提(条件)mn.前提，假定，营业场所,假定
1309,18,premium,0,n.额外费用；奖金，奖赏，保险费，学费，习艺费,奖金；保险费
1310,18,preparation,0,n.准备，预备，制剂，制备品,准备
1311,18,reflect,0,v.反映，表现，反省，细想;(on/upon)考虑,反映；考虑
1312,18,reflection,0,n.影像，倒影，考虑，沉思，想法，见解,沉思
1313,18,reform,0,v.改革，改良，改进，改造，改过自新_n.改革，变革，改良，改善,改革；改良；变革
1314,18,reject,0,vt.拒绝，抵制，驱回，排斥，退掉,拒绝；排斥
1315,18,rejoice,0,v（（使)感到高兴，(使)充满喜悦,（使)感到高兴
1316,18,relate,0,v.讲述，令述，使相互关联，联系,讲述；人氢述；使相互关联；联系
1317,18,relation,0,"mn关系，联系;亲属,六威",关系；联系
1318,18,relationship,0,n.关系，联系,关系；联系
1319,18,relative,0,n.亲成，亲属adj.比较的，相对的;有关的，相关的,亲威；比较的；相对的
1320,18,relativity,0,n.相关（（性)，相对论,相关（性)；相对论
1321,18,relevant,0,adj.有关的，切题的，相关联的，相称的，有重大关系的有意义的,有关的；切题的；相关联的；有意义的
1322,18,overlook,0,"此全欧，晃望，看漏，忽略;宽容,放任",看漏；忽略
1323,18,overseas,0,adj.外国的，海外的adv在海外，在国外,外国的；海外的；在海外；在国外
1324,19,stand,0,"vstoodstood)站，站立;坐落,位于;坚持，维持现状nm.台，座【解】v.忍受，经受",站立；位于；维持现状；经受
1325,19,standard,0,n.（（品质的)标准，水平，规格，规范，行为标准，道德水准adj.普通的，正常的，规范的,标准；规格；规范的
1326,19,standpoint,0,n.立场，观点,立场；观点
1327,19,stance,0,n.（公开表明的)观点，态度，立场;（尤指体育运动中的)站立姿势,观点；态度；立场
1328,19,start,0,v.开始，动手;动身，出发，开动，启动n.开端，开始，起点;人惊起，吃售,开始；动身；启动；开端
1329,19,startle,0,v.惊讶，惊吓，使吃惊,惊吓；使吃惊
1330,19,starve,0,"v（（使)挨饿,（使)饿死，(for)急需，渴望",（使)挨饿，(使)饿死
1331,19,state,0,n.状态，情况，国，州。v.陈述，说明,情况；国；州；陈述；说明
1332,19,statement,0,n.声明，陈述,声明；陈述
1333,19,statesman,0,n.政治家，国务活动家,政治家
1334,19,statistics,0,n.统计数字，统计数据，统计资料，统计学,统计数字；统计资料；统计学
1335,19,statue,0,"对像,膨革",
1336,19,status,0,n.地位，身份，职业，情形，状况,地位；身份；情形；状况
1337,19,statute,0,n.法令，法规，规则，章程，条例,法令；法规
1338,19,stay,0,v.停留，待;逗留，保持n.停留，逗留，作客,停留；逗留；保持
1339,19,steady,0,adj.稳定的，牢固的，不摇晃的，坚定的，扎实的v使稳固，使稳定,稳定的
1340,19,steer,0,v.掌能，驾驶，带领，指导;沿着（道路等)前进,指导
1341,19,stem,0,n.茎，干;词干v制止，阻止，遏制，(from)起源于（（某事物),茎；制止；阻止；过制；起源于
1342,19,step,0,n.步，脚步，台阶，梯阶，步骤，措施v踏，走，举步,步；台阶；梯阶；步骤；措施；踏；举步
1343,19,stern,0,adj.严厉的，严肃的，严格的nm.船尾，飞机尾部,严厉的；严格的
1344,19,anonymous,0,adj.匿名的，无名的;无特色的,匿名的
1345,19,answer,0,n.答复，答案，回答v回答，响应;适合（需要、目的、愿望等);(to，for)负有责任，须作交待;(to)符合,答复；答案；回答；响应
1346,19,anticipate,0,v.预期，预料，期望，早于别人做成;先发制人；使提前发生，预先考虑并满足（请,预期；预料；期望
1347,19,anxiety,0,n.焦虐，担心，不安，焦虑的原因，担忧的事，心事，渴望，热望,担心
1348,19,anxious,0,adj.(about，at)焦虑的，发悉的，(forto)澳望的，急切的,焦虐的；沁望的
1349,19,apart,0,adv.分离，分开;（在空间、时间方面)相隔，相距，单独地，个别地;成零碎;（抽开或排除)在一劳adj.分离的，意见不一致的,分离；分开；相隔；相曙；成零碎
1350,19,assassinate,0,vt.上暗杀，行刺中伤，破坏（名誉等),
1351,19,assault,0,n./v.攻击，缆击,攻击；袭击
1352,19,assemble,0,v.集合，召集;装配，组装,集合；装配；组装
1353,19,assembly,0,n.集合，集会，装配，安装,集会；装配；安装
1354,19,assert,0,v.主张，维护，肯定地说（出)，坚定地断言,主张；维护；坚定地断言
1355,19,component,0,adj.（整体中的)一部分的，组成的mn.组成部分，成分，部件,组成部分；成分；部件
1356,19,compose,0,v.组成;创作（音乐、文学作品)，为.…谱曲，使镇定，使平静,组成；创作
1357,19,composition,0,n.作品，作文，作词，作曲，结构，组成,作品；作文；结构
1358,19,comprehend,0,vt.理解，了解,理解
1359,19,comprehension,0,n.理解（力)，了解;（听力或阅读)理解测试,理解(力)；(听力或阅读)理解测试
1360,19,comprehensive,0,adj.广泛的，综合的，全部的，有理解力的,综合的；全部的
1361,19,condemn,0,\必谴责;宣告（某人)有罪，判弄,
1362,19,condense,0,"v（（使)压缩,（使)凝结，使简洁",(使)凝结
1363,19,condition,0,n.状况，状态:;（以)环境，情况,状况；状态;（凡)环境；情况
1364,19,conduct,0,n.行为，举止，品行v引导，带领，处理，管理，指挥(乐队);传导（电、热等),行为；举止；引导；传导
1365,19,conductor,0,n.领队，（乐队)指挥，售票员，列车员，导体，导线,指挥；售票员；列车员
1366,19,disable,0,vt.使残废,使残废
1367,19,disappear,0,vi.不见，消失,消失
1368,19,disappoint,0,v.使失望，使扫兴,使失望
1369,19,discipline,0,n.纪律，训练，自制力，训练方法，行为准则;（尤指大学里的)学科，专业，科目,纪律；自制力；学科
1370,19,disclose,0,vt.揭露，透露，使公开,揭露；透露
1371,19,discover,0,vt.发现,发现
1372,19,discovery,0,n.发现;被发现的事物,发现；被发现的事物
1373,19,hoist,0,"刀举起，升起,郧起",
1374,19,hold,0,v.拿着，抓住，使保持某种状态（或姿势等)；(to)使遵守，使受……的约束;抑制，控制，容纳，装得下，举行，进行，拥有，获得，掌握，担任;怀有，认为，想n.掌握，控制（力);支撑点，支撑物;和暂停，中断,拿着；使保持某种状态（或姿势等)；举行；认为
1375,19,holder,0,n.持有者，占有者;（台、架等)支持物,持有者；占有者
1376,19,household,0,n.户，家庭，全家人adj.家庭的,家庭；全家人；家庭的
1377,19,however,0,adv.无论如何，不管怎样，然而，不过conj.不管用什么方法,无论如何；然而；不管用什么方法
1378,19,huddle,0,v.暑缩，育集在一起mn.挤作一团的人，杂乱地堆在一起,聚集在一起；挤作一团的人
1379,19,narrative,0,adj.叙述性的n.叙述,人氢述性的
1380,19,narrow,0,adj.狭窗的，狭的，狭科的【解】a.勉强的,狭窗的；勉强的
1381,19,nasty,0,adj.齿龄的，脐脏的，下流的，低级的;使人难受的，讨厌的，烦人的;厉害的，严重的,及脏的；严重的
1382,19,nation,0,n.民族，国家,民族；国家
1383,19,national,0,adj.民族的，国家的，国立的,民族的；国家的
1384,19,nationality,0,n.国籍，民族,国籍
1385,19,native,0,adj.本地的，本国的，天生的。nm.本地人，本国人,本地的；本国的；天生的；本地人
1386,19,natural,0,adj.自然的，天然的，天生的，天赐的，固有的,自然的；天然的；天生的
1387,19,nature,0,n.自然界，大自然，性质，本性，天性,自然界；大自然；性质；天性
1388,19,overall,0,adj.全面的，综合的，总体的。adv.全部，总计，总体上，大致上，总的来说n.（套头)工作服，工装裤,全面的；总体的；总体上；总的来说
1389,19,overcome,0,vt.（overcame，overcome)克服，战胜,克服
1390,19,overlap,0,v.重登，部分重亚。nm.重亚，重释部分,重和登
1391,19,portion,0,n.（一)部分，(食物的)(一)份v把……分成若干份或部分)，分配,（一)部分
1392,19,possibility,0,n.可能，可能性，可能的事，希望，机会，契机,可能；可能性；可能的事；希望
1393,19,possible,0,adj.可能的，做得到的，潜在的，可能发生的，可能接受的，合适的，合理的n.合适的人（或物);可能出现的事物,可能的；合理的
1394,19,potential,0,n.潜在性，可能性，潜力，潜能adj.潜在的，可能的,可能性；潜力；潜能；潜在的；可能的
1395,19,pour,0,v.下倾盆大雨;倒，注，灌，倾渔，涌流,下倾盆大雨；倾汽
1396,20,console,0,vt.安慰，抚慰，慰间（某人)n.(机器、电子设备等的)控制台，仪表板,安奈；慰问；控制台
1397,20,consist,0,vi（of)组成，构成;(in)在于，存在于(with)一致，符合,组成；在于；存在于
1398,20,consistent,0,adj.（论点、看法、行为、标准)前后一致的，始终如一的，连续的，持续的;(Cwith)与……一致的，相符的，不矛盾的,始终如一的；连续的；持续的；与……一致的
1399,20,constant,0,adj.坚定的，永恒的，忠实的，经常的，不断的,永恒的；经常的；不断的
1400,20,constituent,0,adj.构成的，组成的n.成分，要素;选民，选举人,构成的；组成的；成分；选民
1401,20,constitute,0,v.组成，构成，建立，制定(法律史),组成；构成
1402,20,constitution,0,n.构成，构造，宪法，法规，章程【解】n.体质，体格,宪法；章程；体质；体格
1403,20,constrain,0,vt.强制，迫使，强迫（某人)做某事，限制，限定，约束,限制；约束
1404,20,construct,0,v.建造，构造;创立，构思n.构想，概（（观)念，结构体;建造（筑)物,建造；创立；构想；概（观)念
1405,20,distinct,0,adj.有区别的，不同的，不同种类的;明显的，清楚的;（可能性、感觉等)确定无疑的，确切的，确实的公众号:利之学姐原创，严禁二传二改,不同的；明显的；清楚的
1406,20,distinction,0,n.差别，区分，杰出，优秀，卓越;不同凡响，独特;(尤指给学生的)优等评分，莱誉,差别；区分；优秀；卓越
1407,20,distinguish,0,v(from)区别，辨别，(from)使有特色，使有别于，使术出，使出众，使著名,区别；辨别；使出众
1408,20,fruitful,0,adj.多产的，果实累黑的，富有成效的,富有成效的
1409,20,frustrate,0,vt.氛败，阻挠，使谈心，使无效,氛败；使灰心
1410,20,fulfil / fulfill,0,vt.履行，实现，完成;（使)满意，起……作用,履行；实现；完成
1411,20,function,0,n.功能，作用；(（pl.)职务，职责，函数，(正式的)典礼，究会vi运行，起作用,功能；作用；职责；运行；起作用
1412,20,fund,0,n.资金，基金，储备，蕴藏为……提供资金，资助,资金；基金；为……提供资金；资助
1413,20,fundamental,0,adj.基础的，基本的;根本的，主要的，十分重大的n.基本原则，基本原理,基础的；根本的；十分重大的
1414,20,evidence,0,"nm.形迹，迹象根据,证据",根据；证据
1415,20,evident,0,adj.明显的，明白的,明显的
1416,20,evil,0,adj.政亚的，罪恶的，道德败坏的，坏的，讨厌的_n.收恶，罪恶，罪行，祸害,那恶的；罪恶的；那恶；罪恶
1417,20,environment,0,n.环境，外界，客观环境;自然环境，生态环境,环境；外界；自然环境
1418,20,enterprise,0,n.事业心，进取心;事业，规划;企（事)业单位,事业；规划；企（事)业单位
1419,20,entertain,0,v.招待，款待，使……娱乐，使有兴趣,使有兴趣
1420,20,entertainment,0,n.招待，款待，娱乐;文娱节目，娱乐性表演,文娱节目
1421,20,monopoly,0,n.(in，of，on)爷断，专卖，独占，专利（品)，苑断者（企业)，专利者,董断；专利（品)；垄断者（企业)
1422,20,monotonous,0,adj.单调无聊的，毫无变化的,单调无聊的；毫无变化的
1423,20,mood,0,mn心境情绪，心情，氛围，气氛;语气,情绪；心情；气氛
1424,20,transmission,0,n.播送，发射，传送，传染，传播,传送
1425,20,transmit,0,"传送，传递，播送发射;传染,传播",传送；传递
1426,20,transplant,0,v.移植（器官等)，移种（植物等);（使)移居;（（使)迁移n.（器官等的)移植，移植的器官，移植物,移植（器官等)；（使)迁移
1427,20,transport,0,\省运送，运输，搬动n.运输，运送，运输系统，运载工具,运输；运输系统；运载工具
1428,20,stock,0,n.原料，备料;库存，存货，资本，股票，公债v储备，储存，供应,库存；股票；公债；储存
1429,20,store,0,vt.贮备，贮藏，保存;（在计算机里)储存;记忆;记录,商店；店铺；贮备；贮藏
1430,20,storage,0,n.储存，储藏，保管，库房,储藏
1431,20,stride,0,v.阔步前进，大踏步走n.大步，跨步，阔步;（快速的)进展，发展，进步,大步；（快速的)进展；进步
1432,20,strike,0,v.打击，撞（击)突然袭击，进攻，给……以（深刻)印象，突然想到;罢工,给……以（深刻)印象；罢工；打；击
1433,20,striking,0,adj.显著的，突出的，妩媚动人的，标致的,显著的
1434,20,string,0,n.细绳，线，带(一)串，一连串，一系列v串起，缚，扎，挂,一连串；一系列
1435,20,structure,0,n.结构体，(尤指)建筑物，结构，构造，精心组织，周密安排，体系v系统安排，精心组织，使形成体系,建筑物；结构；构造
1436,20,stun,0,v.使震惊，使量倒，把…打晕，给(某人)以深刻印象，使深深感动mn.晕肪，打昏，惊倒,使震惊
1437,20,primary,0,adj.（教育)初级的，初等的，小学的;最初的，最早的;首要的，主要的，基本的n.（美国)初选,首要的；主要的；基本的
1438,20,prime,0,"adi.首要的，主要的，基本的，最好的，第一流的，上乘的，和典型的，有代表性的，首选的，最可能的nm.青春，壮年,全盛时期v事先指点，为……提供消息（事实等)，把……准备好",首要的；基本的；壮年；全盛时期
1439,20,primitive,0,adj.原始的，上十的，时期的，简单的，粗糙的，落后的，原始本能的,原始的；落后的
1440,20,principal,0,adj.最重要的，主要的n.负责人，校长，资本，本金，主要演员，主角;当事人;委托人,最重要的；主要的；校长
1441,20,principle,0,n.原理，原则，法则，工作原理，定律，行为（道德)准则，规范，信条,原理；原则；定律
1442,20,psychiatry,0,n.精神病学，精神病治疗法,精神病学；精神病治疗法
1443,20,psychology,0,n.心理学，心理，心理特征,
1444,20,liability,0,n.责任，义务;（pl.)债务，倾向,责任；债务
1445,20,liable,0,adj.(for)负有法律)责任的，有义务的；(to)会……的;有……倾向的;易出问题的，易患病的;(to)有……和危险的，可能遭受……的,负有(法律)责任的；有……倾向的；可能遭受……的
1446,20,liberal,0,adj.不严格的，不精确的;（政治或经济上)自由的，支持（社会、政治)变革的;慷慨的，大方的，心胸宽阔的，开明的mn.宽容的人，开明的人，支持变革的人,(政治或经济上)自由的；支持（社会、政治)变革的；开明的
1447,20,liberate,0,vt.解放，释放，使自由,解放
1448,20,license,0,n.许可证，执照，随便，肆意行动vt.准许，认可,许可证；执照；认可
1449,20,innocent,0,adj.(of)清白的，无罪的，无害的，无训受害的，成为牺牲品的，天真的，单纯的,清白的；无罪的；单纯的
1450,20,innovation,0,n.革新，改革，创新，新方法，新技术，新思想,创新；新方法；新思想
1451,20,anguish,0,n.(精神的或肉体的)极度痛苦，苦恼v使痛苦，苦恼，悲痛;感到苦恼或（极度)悲痛,(精神的或肉体的)极度痛苦
1452,20,annoy,0,vt.使恼怒，使生气，打搅，双扰,使恼怒；使生气
1453,20,annual,0,adj.每年的，年度的，一年一次的，全年的n.年报，年刊，年鉴，一年生植物，一季生植物,每年的；年度的；一年一次的
1454,20,anchor,0,n.锚，精神支柱，靠山，给人以安全感的人（或物)v.抛锚，停留;固定，扎根【解】n.主持人,固定；主持人
1455,21,pose,0,v.摆姿势，炫灼，提出（问题、声明等)，陈述（论点等);产生，引起，造成（问题、困难等)，冒充，假扮mn.姿势，样子，姿态，装腔作势,摆姿势；提出（问题、声明等)；造成（问题、困难等)
1456,21,position,0,n.位置，地方，地位，身份，等级，职位，职务，姿势，姿态，见解，立场，态度;处境，状况，形势v安置;安装;使处于，定位,位置；地位；职位；立场；处境；状况
1457,21,positive,0,adj.积极乐观的，自信的;确实的，明确的，肯定的，积极的，建设性的;十足的，完全的;正的，阳性的nmn.优势，优点,积极的；建设性的；优势；优点
1458,21,possess,0,vt.拥有（（某物)，具有（【某种品质或才能)，支配，控制,拥有【（某物)；具有【某种品质或才能)
1459,21,possession,0,n.持有，拥有；所有权;（pl.)财产，所有物,拥有；财产；所有物
1460,21,dilute,0,v.稀释，冲淡，削弱，使减色，降低adj.稀释的，冲淡了的，挨水的,稀释；冲淡
1461,21,dim,0,v（（使)变瞳淡，变昏暗，变微弱;（使)感觉等)变弱，变淡漠，失去光泽adj.暗淡的，模糊的，思笨的;不乐观的,（使)变瞳淡；暗淡的；模糊的
1462,21,diminish,0,v（（使)削弱，减少，缩小，贬低，轻视,（使)削弱；减少；贬低
1463,21,amateur,0,n.（艺术、科学等的)业余爱好者;技术不熟练的人，无经验的人，外行adj.业余（爱好)的，外行的,业祭爱好者；外行；业余（爱好)的
1464,21,amaze,0,vt.使惊恒，使惊异,使惊情
1465,21,ambiguous,0,adj.含糊不清的，模棱两可的，不明确的,含糊不清的；模棱两可的
1466,21,ambition,0,"n.（（对名利等的)强烈欲望,野心，雄心，抱负；追求的目标",野心；抱负
1467,21,ambitious,0,adj.有雄心的，野心勃勃的，费力的，耗时的，耗资的，艰巨的,有雄心的；艰巨的
1468,21,bubble,0,n.泡，水泡，气泡；[比喻]幻想的计划，无法实现的意念、希望等,泡；水泡；气泡
1469,21,budget,0,n.预算，财政收支状况v做预算，编预算，(for)把……编入预算，按计划花钱,预算；做预算
1470,21,build,0,n.体形，体格，身材，结构vv建造，建设，建立,体形；体格；身材；建造；建设；建立
1471,21,business,0,n.商业，生意，营业额，任务，职责，公事，企业，公司，店铺，商号,商业；生意；职责；企业
1472,21,compress,0,vv压缩，精简，浓缩,压缩
1473,21,comprise,0,v.包含，包括，构成，组成,包括；构成；组成
1474,21,compromise,0,v/n.妥协，折中,妥协；折中
1475,21,conceive,0,v.构想出，设想，想象，怀有【某种感情)；认为;怀（胎),构想出；设想；想象；怀（胎)
1476,21,concentrate,0,v(on)集中，专心，(使)浓缩n.浓缩物,集中；专心
1477,21,concept,0,n.（of)观念，概念,观念；概念
1478,21,conception,0,n.概念，观念，主意，计划，意图，设想，构想，怀孕，受孕,概念；构想
1479,21,concern,0,n.关心，挂念，(利害)关系上t涉及，关系到，关心，挂念,关心；涉及
1480,21,concise,0,adj.简明的，简洁的,简明的；简洁的
1481,21,concrete,0,adj.具体的，确实的n.混凝土用混凝土修筑，浇混凝土,具体的；确实的；混凝土
1482,21,conclude,0,v.结束，终止，断定，下结论;缔结;议定,结束；终止；下结论
1483,21,conclusion,0,"mn结束，终结;结论，推论;绩结,签订",结束；结论；推论
1484,21,concurrent,0,adj.并存的，同时发生的,并存的；同时发生的
1485,21,confer,0,"商谈，商议,授予,冉予",授予；赋予
1486,21,conference,0,n.会议，讨论会,
1487,21,confess,0,v.坦白，承认，慎悔,承认
1488,21,epic,0,adj.具有史诗性质的，史诗般的，壮丽的，宏大的，艰苦卓绝的，漫长而艰难的n.史诗，史诗般的作品，壮举，惊人之举,史诗般的；漫长而艰难的
1489,21,epidemic,0,adj.流行性的，传染的_n.流行病;泛洲，传播,流行性的；泛滥
1490,21,episode,0,n.片断，一段情节;（连续剧的)一集【解】n.（人生的)一段经历,一段经历
1491,21,epoch,0,n.时代，纪元，时期,时代；纪元
1492,21,indifferent,0,adj.，(to)冷淡的，不关心的，不积极的，一般的，平庸的，不偏的，中立的,冷淡的；不关心的；中立的
1493,21,indignant,0,adj.愤怒的，人愤慨的,愤怒的；愤慨的
1494,21,indignation,0,n.愤怒，人愤慨,局慨
1495,21,indispensable,0,adj.（to，for)必不可少的，必需的,必不可少的
1496,21,individual,0,adj.个人的，单独的，独特的，有个性的nm人个人，个体，与众不同的人,个人的；单独的；个人
1497,21,mess,0,混乱，困境，混杂，脏乱履弄脏，弄乱，搞精,混乱；午脏；措乱
1498,21,message,0,n.通讯，消息，信息；启示，要冒，主题思想，寅意v(用电脑、手机等)给…发消息,启示；要自
1499,21,messenger,0,n.送信者，使者，传令兵,送信者
1500,21,method,0,"nn方法，办法，措施，方式;条理,规华",方法；办法
1501,21,militant,0,adj.好战的，积极从事或支持使用武力的，激进的,好战的；激进的
1502,21,military,0,adj.军事的，军用的，军队的n.军队，军方，军人,军事的；军用的，军队的；军队，军方，军人
1503,21,mind,0,n.头脑，心智，精神，智慧，情性，智力;注意力，心思,智力；介意
1504,21,redeem,0,"v.补救,弥补(过失)，掩饰…之不足;挽回影响，改变印象，(尤指基督教的)拖救",弥补；兑现；懂行
1505,21,reduce,0,v.减少，缩小;简化;还原【解】v.使陷入窘境,减少；缩小；简化；使陷入窖境
1506,21,reduction,0,n.沽少，缩小，降低,减少；降低
1507,21,refer,0,v.提到，谈到参考，查阅，询问，查询，提交……仲裁（或处理),提到；参考；查阅
1508,21,reference,0,n.提及，涉及；参考，参照，查阅;参考书目，推荐信（人),提及；涉及；参考；参考书目；推荐信
1509,21,subject,0,n.题目，主题;话题，问题，学科，科目，课程;批评、学习、调查的)对象;adj.（to)受…支配的;(to)易遭受…的，易患…的;需要…的，将会…的,主题；话题；学科；研究（实验)对象；使遭受；受…支配的；易遭受…的
1510,21,subjective,0,adj.主观的，个人的,主观的
1511,21,spoil,0,"v{(spoiling,spoilt或spoiled)损坏，毁掉，破坏…的兴致（或乐趣等)；宠坏，爱",损坏；毁掉；宠坏；尘爱
1512,21,sponsor,0,n.发起者，主办者，保证人，赞助者vt.发起，举办，主办;资助，赞助;倡议，发起,发起；举办；主办；资助；赞助；倡议
1513,21,spread,0,v.伸展，展开，散布，传播;（使)蔓延，扩散，延伸,展开；散布；传播
1514,21,spur,0,vt.促进，激励，睦策_n.靴币，马刺，和刺激，激励，鞭策,促进；激励
1515,21,spy,0,n.间谍，密探v当间谍，刺探，搜集情报，察觉，发现,间谍；密探；搜集情报
1516,21,stability,0,n.稳定（性)，安定（性),稳定（性)
1517,21,stable,0,adj.稳定的，安定的，沉稳的，持重的，可靠的,稳定的
1518,21,staff,0,"n.全体职员,全体雇员;当权的人员，行政人员;全体参谍人员，参谋机构;杆,棒vt.为（某部门)配备人员，担任（某部门的)工作员",全体职员；为（某部门)配备人员；担任（某部门的)工作员
1519,21,stage,0,n.舞台；阶段，时期，步，步又,舞台；阶段；时期
1520,22,twist,0,v/n.抢，搓，绞，拧，曲解，看曲【解】n.转折,看曲；转折
1521,22,trivial,0,adj.琐碎的，不重要的，无价值的,琐碎的；不重要的
1522,22,try,0,v.试图，努力，尝试，试用，试验;审讯，审理,试图；努力；尝试
1523,22,tumble,0,"v.跌倒，滚下,（价格等)暴跌，(权利、地位等)急剧下降，打滚，翻滚n.摔倒，跌跤，暴跌，下降",跌倒；暴跌
1524,22,turbulent,0,adj.骚乱的，动荡的，混乱的，狂暴的;（指空气或水)流动得猛烈而不稳定的,动荡的；混乱的
1525,22,turn,0,【解】n.（（依次轮流时各自的)一次机会,转动；转变
1526,22,turnover,0,n.翻转(物)，翻倒（物)，人员调整，成交量，营业额;(资金等)周转,人员调整
1527,22,type,0,型，类型，风格，铅字，字体，字型v分型，定型，测定…的类型，打字,类型；字体
1528,22,typical,0,adj.（of)典型的，有代表性的,（of)典型的
1529,22,voluntary,0,adj.自愿的，志愿的，义务的,自愿的；志愿的
1530,22,volunteer,0,n.志愿者，自愿参加者v自愿（做)，白愿提供,志愿者；自愿（做)
1531,22,vote,0,n.投票，表决;选票，选票数投票，表决,投票；选票；表决
1532,22,vulgar,0,adj.粗俗的，庸俗的，普通的,粗俗的；庸俗的
1533,22,vulnerable,0,adj.易受攻击的，易受伤的，脆弱的,易受伤的；脆弱的
1534,22,author,0,n.作者，创始人人v写作，撰号，编写,作者；创始人
1535,22,authority,0,n.权力，威信，权威，权威者（人士)，有权威的典籍，（pl.)当局，官方,权力；权威；权威者(人士)；当局；官方
1536,22,auxiliary,0,adj.辅助的，附属的,辅助的
1537,22,avail,0,v.使用某事物，利用某事物，有利于，有助于n.（（一般用于和否定句或疑问句中)效用，利益，帮助,有利于；效用；利益
1538,22,available,0,adj.（（指物)有效的，可利用的;（指人)可会见的，可与之交谈的等【解】n.(（物)可获得的;(人)有空的,可利用的；(物)可获得的;(人)有空的
1539,22,critic,0,n.批评者，批评家，评论家，爱挑吻的人,批评者；批评家；评论家
1540,22,critical,0,adj.批评的，评论的;和危急的，紧要的，关键的，临界的,批评的；关键的
1541,22,criticism,0,"批评,评论",批评；评论
1542,22,criticize,0,"批评,评论",批评；评论
1543,22,crucial,0,adj.决定性的，关键性的,决定性的；关键性的
1544,22,culminate,0,v.达到顶点；（以某种结果)告终;(在某一点)结束,达到顶点;（以某种结果)告终
1545,22,culprit,0,n.罪犯，造成破坏（间题)的人;问题的起因;困难的起源,造成破坏（问题)的人；问题的起因
1546,22,cultivate,0,vt.耕作，和栽培，养殖，培养，磨炼，陶冶,栽培；培养；磨炼
1547,22,culture,0,n.修养，教养;文化，文明,文化；文明
1548,22,dual,0,adj.两部分的，二元的，双重的,两部分的；双重的
1549,22,dubious,0,"adj.引起怀疑的，不确定的;无把握的;怀疑的,犹豫不决的,有问题的，靠不住的",引起怀疑的；怀疑的；犹豫不决的；靠不住的
1550,22,due,0,adj.欠款的，应支付的;应给的，应得的，应有的，适当的，预定的，约定的;期满的，到期的,应给的；适当的
1551,22,durable,0,adj.耐用的，持入的,耐用的；持久的
1552,22,duration,0,n.期间，持续时间,期间；持续时间
1553,22,duty,0,n.义务，责任，职务，职责，税,义务；责任；职责
1554,22,dynamic,0,adj.动力的，电动的，有生气的，朝气莲勃的mn.动力;力学【解】n.（of)(人或事物)相互作用的方式，动态,朝气莲勃的；（of)(人或事物)相互作用的方式；动态
1555,22,extinct,0,adj.（火等)熄灭了的;（生命、希望等)消亡了的;灭绝的,消亡了的；灭绝的
1556,22,extinguish,0,vt.熄灭，扑灭，使消亡，使破灭,扑灭
1557,22,introduce,0,介绍;传入，引进,介绍；引进
1558,22,introduction,0,n.介绍;传入引进，导言，导论，绪论,介绍；引进；导言
1559,22,invest,0,vt.投资，投入,投资
1560,22,investment,0,n.投资，投资额,投资；投资额
1561,22,investigate,0,vv调查，调查研究,调查
1562,22,mutual,0,adj.相互的，彼此的;共同的，共有的,相互的；彼此的；共同的；共有的
1563,22,mysterious,0,adj.神秘的，难以理解的，不可思议的，可疑的,神秘的
1564,22,mystery,0,n.神秘，神秘的事物，侦探小说,神秘
1565,22,myth,0,n.神话，虚构的故事（人或事),神话；虚构的故事（人或事)
1566,22,noble,0,adj.高贵的，贵族的，高尚的mn.（常pl.)贵族,贵族的；高尚的；贵族
1567,22,norm,0,nn标准，定额，定量，规范，行为标准,规范
1568,22,normal,0,adj.正规的，标准的，正常的，普通的,正规的；正常的
1569,22,normalization,0,n.正常化，标准化,正常化；标准化
1570,22,note,0,n.记录，笔记;注释，评注，短信，便条，钞票，纸币v记下，摘下，指出，特别提到;注意，留意,笔记；搬；特别提到；注意
1571,22,notion,0,n.概念，想法，观点;意图,概念；观点
1572,22,public,0,adj.公开的，公共的;平民的，大众的，百姓的_n.平民，百姓，志趣相同的群体,公开的；公共的；大众的；平民；百姓
1573,22,publication,0,n.公布，发表;出版，发行,公布；发表；出版
1574,22,publicity,0,"公众的注意，名声;宣传,宣扬",宣传
1575,22,publish,0,vv公布，发布，出版，刊印,公布；发布；出版
1576,22,result,0,n.结果，成果，成绩。v(in)导致，结果是;(from)起因于，因…而造成,结果；成果；成绩；导致；起因于
1577,22,resultant,0,adj.作为结果而发生的，必然发生的;合成的,作为结果而发生的；合成的
1578,22,resume,0,v（（中断后)重新开始，继续，恢复，重新得到，重新使用n.摘要，概述，概要;简历，履历,（中断后)重新开始；继续；简历；履历
1579,22,reveal,0,vt.显露露闻展现，显示t揭电不,揭露
1580,22,revelation,0,n.揭露，披露，泄露，被暴露的真相，被曝光的秘密:，(上帝的)启示,揭露；被暴露的真相
1581,22,revenge,0,n/v.报仇，复仇,报仇
1582,22,revenue,0,n.财政收入，税收,财政收入；税收
1583,22,supply,0,v\心供应，供给，满足（愿望)，补足nm.供应，供应量,供应；供给；满足；供应量
1584,22,support,0,vt.支撑支持，拥护供养，维持n.支柱，支撑物;支撑，支持,支持
1585,22,suppose,0,vt.料想，猜想，假定，认为;用于祈使句)让，使,猜想；假定；认为
1586,22,suppress,0,沁压制，镇压，禁止，查禁，抑制，阻止……的生长（或发展)，忍住,压制；抑制
1587,22,supplement,0,n.增补，补充，增刊，副刊vt增补，补充,增补；补充；增刊
1588,22,supreme,0,adj.最高的，至上的，最优的，卓越的，极度的，最重要的,至上的；最重要的
1589,22,system,0,n.系统，体系，制度，体制:身体,系统；体系；制度
1590,22,systematic,0,adj.有系统的，有规则的，有组织的,有系统的
1591,22,logic,0,n.逻辑学，逻辑性，推理方法,逻辑学
1592,22,logical,0,adj.逻辑的，符合逻辑的,逻辑的；符合逻辑的
1593,23,rescue,0,vt.营救，救援，搭救n.营救行动,营救；救援；营救行动
1594,23,research,0,n.研究，调查，探索v研究，调查，探讨,研究；调查
1595,23,resent,0,v.避对……表示愤恨，怨恨,对……表示人愤恨；怨恨
1596,23,refresh,0,v.使恢复活力，使振作精神,使恢复活力
1597,23,refute,0,省驱斥，驳倒，否认……的正确性（或真实性),了驳斥；否认……的正确性
1598,23,region,0,n.地区，区域，范转,地区；区域
1599,23,regular,0,adj.有规律的，有规则的;整齐的，匀称的,有规律的
1600,23,regulate,0,vt.管理，控制，为……制订规章，校准，调节,管理；控制；调节
1601,23,regulation,0,"n.规则，规章，调节，调整,校准",规则；规章
1602,23,replace,0,vt.放回，归还，赔还代替，取代，更换,代替；取代；更换
1603,23,reply,0,Vi.回答，答复，以……作答n.回答，答复,回答；答复
1604,23,report,0,n.报告，传阅v报告，汇报，报道,报告；汇报；报道
1605,23,reporter,0,n.报告人，通讯员，记者，报导者,记者
1606,23,reputation,0,n.名声，声望,名声
1607,23,request,0,n./vt.请求，要求,要求
1608,23,require,0,vt.需要，要求，命令,要求
1609,23,requirement,0,n.要求，需要;需要的东西,要求；需要；需要的东西
1610,23,assess,0,vt.估价，评价，评论,评价；评论
1611,23,assimilate,0,v.同化;吸收，消化,同化；吸收
1612,23,assist,0,v.帮助，援助，协助,帮助；协助
1613,23,assistance,0,n.帮助，协助，援助,帮助；援助
1614,23,assistant,0,n.助手，助教,助手
1615,23,assume,0,vt.呈现，具有;承担，担任，假定，假设，假装，装出,呈现；承担；假定；假设
1616,23,assumption,0,n.假定，设想，采取，承担,假定；承担
1617,23,contribute,0,v.捐（款等)，捐献;投（稿);贡献【解】v.是……的原因之一,捐献；贡献；是……的原因之一
1618,23,contribution,0,n.贡献，捐献，捐赠物,贡献
1619,23,controversial,0,adj.引起争论的，有争议的,引起争论的；有争议的
1620,23,controversy,0,"nj委论,辩论",争论
1621,23,control,0,n.（of，over)控制，支配，限制，管制vt.控制，支配,控制；支配；限制
1622,23,convene,0,v.召集，召开（（正式会议);（单独使用的动词)(为正式会议而)聚集，集合,
1623,23,convention,0,n.（（正式)会议，(定期)大会，社会习俗，(对行为、态度等)约定俗成的认可;常规，惯例，公约，协定,大会；社会习俗；惯例；公约；协定
1624,23,converge,0,v.汇合，集中，育会，汇集【解】v.趋同,汇集；趋同
1625,23,convey,0,"此运送，输送，传送;表达,传过",表达；传达
1626,23,domain,0,n.（（知识、活动的)领域，范围，领地，领土，势力范围,领域；范围；领地
1627,23,domestic,0,adj.家庭的，家用的，家务的;国内的，本国的，驯养的,家庭的；家用的；国内的；本国的
1628,23,dominant,0,adj.支配的，统治的，占优势的,支配的
1629,23,dominate,0,v.支配，统治，比…高，俯视，在…中占重要地位,支配；统治
1630,23,doom,0,n.死亡，毁灭，厄运，动数vt.使……注定失败（或死亡),使……注定失败
1631,23,double,0,adj.双的，双倍的v使加倍，翻一番,双倍的；使加倍；翻一番
1632,23,doubt,0,n./v.怀疑,怀疑
1633,23,probe,0,v(into)探索，探查，调查mn.探索，探查，探针，探测器,探查；调查；探测器
1634,23,procedure,0,n.程序，手续，步又,程序；手续；步又
1635,23,proceed,0,vi.（尤指停顿或打断后)继续进行，进行，开展,（尤指停顿或打断后)继续进行；进行
1636,23,proceeding,0,n.行动，进程，(pl.)会议记录，公报;（pl.)诉讼，诉讼程序,
1637,23,process,0,n.过程，进程，工序，制作（加工)方法v加工，处理,过程；工序；加工；处理
1638,23,procession,0,n.队列，行列,队列；行列
1639,23,proclaim,0,vt.宣告，宣布，声明;表明，显示,宣告；宣布；声明；表明
1640,23,produce,0,\已生产，制造，产生，引起，导致，提出;出示，拿出，上演，演出n.产品，(尤指)农产品,生产；制造；引起；导致；(（尤指)农产品
1641,23,product,0,n.产品，产物;（乘)积,产品；产物
1642,23,production,0,n.生产，产量;产品，作品,生产；产量；作品
1643,23,productive,0,adj.能产的，多产的,多产的
1644,23,productivity,0,n.生产率，生产力,生产率；生产力
1645,23,profession,0,n.职业，自由职业，同业，同行,职业；同行
1646,23,professional,0,adj.职业的，专业的;内行的，有经验的nm.自由职业者，专业人员,职业的；专业的；专业人员
1647,23,expand,0,v.扩大，扩展，膨胀,扩大；扩展
1648,23,expansion,0,n.扩张（物)，膨胀（物)；张开，伸展,扩张（物)；膨胀（物)
1649,23,expect,0,v.预期，期望，指户,预期；期望
1650,23,expectation,0,n.预期，期望，指望,预期；期望
1651,23,experience,0,n.经验，经历vt.体验，经历,经验；经历；体验
1652,23,experiment,0,n.试验vi(Con)进行试验,试验；进行试验
1653,23,expert,0,n.专家，能手。adj.专门的，部练的，有经验的,专家；能手；熟练的；有经验的
1654,23,expertise,0,n.专门知识（或技能等)，专长,专门知识；专长
1655,23,expire,0,vi.满期，届期，(期限)终止，呼气，断气，死亡,满期；终止
1656,23,instinct,0,n.本能，直觉，天性,本能；直觉；天性
1657,23,institute,0,n.学会，协会，学院，研究院vt.建立，设立，制定，开始，实行,协会；学院；研究院；建立；制定
1658,23,institution,0,n.（公共)机构，团体，协会，建立，制定【解】n.制度，习俗，惯例,机构；制度；习俗
1659,23,insurance,0,n.保险，保险费，保险业,保险；保险业
1660,23,insure,0,vt.保险，投保，保证，确保,投保；保证；确保
1661,23,integral,0,adj.构成整体所必需的，完整的，整体的,构成整体所必需的
1662,23,integrate,0,v(with，into)（（（使)成为一体，(（使)合并;（使)加入，融入群体，使完全,（使)成为一体；(使)合并;（使)加入；融入群体
1663,23,integrity,0,n.正直，诚实，完整，完全,正直；诚实；完整；完全
1664,24,curious,0,adj.好奇的，稀奇的，奇特的,好奇的；稀奇的；奇特的
1665,24,curiosity,0,n.好奇心,好奇心
1666,24,currency,0,"mn通货，货币，通用,流通",通货；货币
1667,24,current,0,n.电流，潮流，趋势adj.当前的，现在的;通用的，流行的，被普遍接受的,趋势；当前的；通用的；流行的；被普遍接受的
1668,24,cut,0,n.切口，伤口，击，抽，削v剪，切，割，砍，削，削减，删节,伤口；前；切；割；削减
1669,24,cumulative,0,adj.（在力量或重要性方面)聚积的，积累的，渐增的，累计的，昧积的,渐增的；累积的
1670,24,average,0,n.平均数，平均;一般水平，中等水平adj.平均的，平常的，普通的vt.算出……的平均数，平均为（或得到、生产等);平均分担,平均数；平均的；普通的；平均为
1671,24,avoid,0,vt.回避，逃避，避免,回避；避免
1672,24,awake,0,v.醒，觉醒;(希望等)被激起，被唤起;(to)意识到，认识到adj.醒着的;意识到的,觉醒；醒着的
1673,24,award,0,vt.授予（奖品等)n.奖，奖品，奖状,授予；奖；奖品
1674,24,aware,0,adj.(of)知道的，意识到的,知道的；意识到的
1675,24,awkward,0,adj.笨拙的，不灵活的，赤手的，尴众的，使用不便的,笨拙的；不灵活的；求手的；尴傣的
1676,24,extravagant,0,adj.奢侈的，浪费的，过分的，过度的,奢侈的；浪费的
1677,24,extreme,0,adj.极度的，极端的n.极端，最大程度，极度（状态),极度的；极端的；极端；极度
1678,24,invisible,0,adj.看不见的，无形的,看不见的；无形的
1679,24,invoke,0,"v.援引，援用（法律、规则等);（（作为根据)提及,援引;使产生，唤起，引起（感情或想象);求助于（法律)，行使(权利)",援引；提及；使产生
1680,24,involve,0,vt.卷入，陷入，连累;包含，涉及,卷入；包含；涉及
1681,24,issue,0,n.问题，争论点，争端;发行（物)，(报刊)期号,发行；问题；争端；(报刊)期号
1682,24,item,0,n.和条款，项目;物品，物件;（新闻、信息中的)一条，一则,条款；项目；物品
1683,24,overturn,0,v.使某人（（某物)翻转，颠倒，推翻，颠覆,推翻；颠覆
1684,24,overwhelm,0,淆征服，压倒，毁坏，使受不了，使不知所措,压倒；使不知所措
1685,24,purchase,0,v.买，购买n.购买，购买的物品,购买；购买的物品
1686,24,pursue,0,此追赶，中求从事，忙于，经续;纪统,追求；从事；继续
1687,24,pursuit,0,n.（of)追求，寻找;追赶，跟踪，追捕，职业，事业;爱好,（of)追求；追赶；事业；爱好
1688,24,puzzle,0,n.难题，智力玩具，谜，迷惑v使迷惑，使为难，使窘困,难题；使为难
1689,24,reverse,0,adj.相反的，颠倒的;倒退的;背面的，反面的n.相反情况，对立面;反面，背部，逆转，厄运，挫折v（使)颠倒，(使)倒转,(使)颠倒，(使)倒转
1690,24,review,0,vt.回顾，复习，复查，校阅，审核，写评论,回顾；评论；评审
1691,24,revise,0,v.修订，校订，复核，修改，修正，(考试前)复习，温习,修订；修改；修正
1692,24,revive,0,v.苏醒，恢复，复原，复兴，重新流行,苏醒；复原；复兴
1693,24,reward,0,n.(for)报酬，赏金，奖赏vt.(for)奖赏酬谢，报答，奖酬,报酬；奖赏；酬谢
1694,24,rich,0,adj.富的，有钱的，富饶的，肥沃的，(in)充足的，丰富的,富的；有钱的；富饶的；充足的；丰富的
1695,24,rise,0,v(rose，risen)升起，上升;起立，起床，上涨，增高；起源，发生，起义，奋起n.起源，发生，上涨，增高,升起；上升；上涨；增高
1696,24,risk,0,v.忆冒……的风险nm.冒险，风险,风险
1697,24,rival,0,n.竞争者，对手，可以相比的人（（物)此与……竞争，与必太美，与……匹敌，对抗adj竞争的,竞争者；对手；与……娘美；竞争的
1698,24,role,0,n.角色，作用，任务,角色；作用
1699,24,roll,0,v.滚动，滚落，卷，绕，(使)摇几nm一卷，卷形物，面包卷;滚动，打滚,滚动
1700,24,root,0,"n.根，根部，根本，根源【解】vt.（（使)生根,（（使)扎根",根；根部；根本；根源；（使)生根；（使)扎根
1701,24,route,0,n.路线，路程，途径，渠道,路线；路程；途径；渠道
1702,24,routine,0,n.例行公事，常规adj.例行的，常规的,常规；常规的
1703,24,row,0,n.一排，一行，划船，吵冰，和争吵。v.划船，吵闹，争吵,一排，一行；争吵
1704,24,rule,0,"vv统治，控制;支配，裁决，裁定n.,规章，条例，习惯，通例，统治，管辖",支配；裁决；裁定；规章；条例；统治
1705,24,ruler,0,n.统治者，支配者，斥，直尺,
1706,24,surname,0,n.姓,姓
1707,24,surpass,0,v.习超过，优于，强于，胜过,超过；优于；胜过
1708,24,surplus,0,"adj.过剩的，剩余的。n,过剩，剩余，和盈余;顺差",过剩的；剩余的；过剩；盈余；顺差
1709,24,surprise,0,n.话异，惊异;令人吃惊的事物v使族异，使惊异，突然而出人意料地攻击,诈异；惊异；令人吃惊的事物；使证异；使惊异
1710,24,survey,0,v.调查；对……做民意调查（或进行民意测验);测量，测绘，勤测，俯视，上望;n.调查，民意调查，民意测验，测量，测绘，勤测，仿视，紫望，纵览;全面考察，总体研究，审视，全面评述，概述,调查；勘测；民意调查；民意测验；概述
1711,24,surveillance,0,n.（对犯罪嫌疑人等的)监视,（对犯罪嫌疑人等的)监视
1712,24,survival,0,n.幸存，生存，残留下来的人（物),幸存；生存
1713,24,survive,0,v.幸存，幸免于，比……活得长，从（困境等)中插过来,幸存；幸免于；从（困境等)中挺过来
1714,24,susceptible,0,adj.易受影响的，敏感的，多情的，善感的,易受影响的；敏感的
1715,24,suspend,0,"V吊，悬挂;推迟,暂停",暂停
1716,24,suspect,0,v.心怀疑，推起，料想nm嫌疑犯，被怀疑的人,怀疑；嫌疑犯；被怀疑的人
1717,24,suspicion,0,n.猜疑，怀疑,猜疑；怀疑
1718,24,suspicious,0,adj.可疑的，有疑心的,可疑的
1719,24,sustain,0,\必支撑，承受忍受，经受住，保持，使持续,支撑；承受；保持；使持续
1720,24,swarm,0,n.峰群，一大群，一大批;(pl.)(of)许多，大量v云集，充满,一大群；云集；充满
1721,24,swear,0,v.宣硅，发拷；诅呢，贺地,宣耕；发拆；加骂
1722,24,swell,0,v.膨胀，鼓起，上涨，增加，扩大,膨胀；上涨；增加；扩大
1723,24,swing,0,n.秋千，荡秋千;摆动，摇荡v(swung，swung)摇摆，人转动，转身，剧变，大变,摇摆
1724,24,switch,0,n.开关，电闸;改变，转变;转换，枝条，鞭子v改变，转换,开关；转换；改变
1725,25,project,0,"v.放映，投射，投掷，发射，计划，规划;（使)伸出,（使)突出n.计划，方案;工程，项目",计划；方案；工程；项目
1726,25,profit,0,"v.获利，得益，有益于n,利润，收益，红利，利益，益处",获利；有益于；收益；益处
1727,25,profitable,0,adj.有利可图的，有益的,有利可图的；有益的
1728,25,profound,0,adj.很深的深刻的;渊博的，造深的,深刻的
1729,25,program,0,n.节目，节目单;计划，议程，规划，纲要vt.编制程序,节目单；计划；纲要；编制程序
1730,25,progressive,0,adj.进步的，先进的;逐渐的，愈来愈严重的,进步的；先进的
1731,25,prohibit,0,vt(from)（以法令、规则等)禁止，妨碍,（from)（（以法令、规则等)禁止
1732,25,prolong,0,vt.延长，拉长，拖延,延长；拖延
1733,25,prominent,0,adj.突起的，凸出的;显著的，显眼的，杰出的，著名的,显著的；杰出的；著名的
1734,25,promise,0,vt.人允许，允诺，答应，有…可能，预示nmn.承诺，诺言，希望，出息,允诺；答应；预示；诺言；希望
1735,25,promising,0,adj.有希望的，有前途的,有希望的；有前途的
1736,25,promote,0,vt.促进，增进;（to)提升，提拔,促进；(to)提升
1737,25,prompt,0,adj.敏捷的，迅速的，[商]即时的，即付的vt.促使，推动，引起，激起，导致,迅速的；促使；引起；激起
1738,25,proof,0,n.证据，证明；校样，样张adj.能抵御的，能经受得住的,证据；证明
1739,25,reservation,0,"保留，保留意见，预定,预订",保留意见；预定
1740,25,reserve,0,vt.保留，储备，预订，订购n.储备（物)，储茂量，储备金保留用地，自然保护区,自然保护区
1741,25,resist,0,v.抵抗，反抗;忍得住，抵制,抵抗；反抗；抵制
1742,25,resistance,0,n.to)抵抗，反抗，抵抗力，阻力，电阻,(to)抵抗；反抗；抵抗力
1743,25,resistant,0,adj.抵抗的，有抵抗力的,抵抗的；有抵抗力的
1744,25,resilient,0,adj.可迅速恢复的，有适应力的;（物质)有弹性（或弹力)的，能复原的,可迅速恢复的；有适应力的;（物质)有弹性（或弹力)的
1745,25,resort,0,vi(to)求助，赁借，诉诸nm.常去之地，胜地;求助对象;采用的手段（或方法),求助；诉诸；采用的手段或方法)
1746,25,resource,0,n.（pl.)资源，财力，办法，智谋,资源；财力
1747,25,respect,0,"此尊航，尊重n尊敬，尊重，(pl.)敬意，问候,方面;细节",尊敬，尊重；方面
1748,25,respective,0,adj.各自的，各个的,各自的
1749,25,respond,0,Vi.回答，答复，(to)响应,回答；(to)响应
1750,25,response,0,n.反应，响应;回答，回音,反应；响应；回答
1751,25,responsibility,0,n.责任，责任心职责，任务,责任；任务
1752,25,responsible,0,adj.(for，to)应负责的，可靠的，可信赖的，责任重大的,应负责的
1753,25,succeed,0,v.达到目的，戌功，有作为;接蔡，继任，继承,成功；接替；继任；继承
1754,25,SUCCESS,0,n.成功，胜利，成名;成功的人（或事物),成功；胜利；成功的人（或事物)
1755,25,successful,0,adj.达到目的的，有成效的，获得成功的,有成效的；获得成功的
1756,25,succession,0,n.连续，一系列，接蔡，继承,一系列；继承
1757,25,successive,0,adj.连接的，连续的,连接的；连续的
1758,25,successor,0,n.继承人，接昔人,继承人
1759,25,suck,0,v.吸，只,吸
1760,25,sue,0,v.控告，起诉，请求，祈求,控告；起诉
1761,25,suffer,0,v(from)受痛苦，受折磨患病;遭受，蒙受，忍而,受痛苦；遭受；蒙受
1762,25,suffice,0,v.足够，有能力，使满足,足够；使满足
1763,25,sufficient,0,adj.（for)足够的，充分的,（for)足够的；充分的
1764,25,suggest,0,vt.建议，提出;使想起来，暗示,提出；暗示
1765,25,suggestion,0,n.建议，提议，联想，暗示,提议；瞳示
1766,25,suicide,0,n.自杀，自杀案件,自杀
1767,25,suit,0,vt.合适，适合，对…方便，中…的意mn.一套衣服，一套西服起诉，诉讼,适合；诉讼
1768,25,suitable,0,adj.（for)合适的，适宣的,for)合适的；适宜的
1769,25,super,0,adj.极好的，超级的,极好的；超级的
1770,25,superb,0,adj.极好的，一流的，杰出的，高质量的,极好的；杰出的；高质量的
1771,25,superficial,0,adj.表面的，肤浅的,表面的；肤浅的
1772,25,superfluous,0,adj.过多的，剩余的，多余的,过多的；多余的
1773,25,superior,0,adj.优良的，卓越的，(to)较……多的，优于……的mn.上级，长官,卓越的；上级
1774,25,superiority,0,n.优越，优势,优越；优势
1775,25,supervise,0,v.监督，管理，指导,监督；管理；指导
1776,25,trigger,0,n.扳机vt.引发，引起，触发,引起；触发
1777,25,triumph,0,n.胜利，非凡的成功，杰出的成就喜悦，狂喜v（over)战胜,胜利；非凡的成功；（over)战胜
1778,25,assure,0,vt.使确信，使放心，担保，保证,使确信；保证
1779,25,assurance,0,n.保证，把握，信心;:（人寿)保险,保证；把握
1780,25,astonish,0,vt.使惊讶,使惊诈
1781,25,atmosphere,0,n.大气（层)，空气;气氛，环境，大气压（压力单位),大气（层)；气氛
1782,25,council,0,n.理事会，委员会,理事会；委员会
1783,25,counsel,0,n./vt.劝告，忠告,劝告
1784,25,drama,0,n.剧本，戏剧，戏剧性事件或场面,剧本；戏剧
1785,25,dramatic,0,adj.戏剧（性)的，剧烈的,戏剧（性)的
1786,25,exploit,0,n.英勇的或冒险的行为或事迹vt.开发，开采，开拓;利用;和剥削,开发；开采；利用
1787,25,explore,0,vt.勘探，探测，探究，探索，探讨，调查研究,探测；探究；探索；探讨
1788,25,intellectual,0,n.知识分子。adj.知识的，智力的,知识分子；智力的
1789,25,intelligence,0,n.智力，聪明，理解力;情报，消息，报道,智力；理解力；情报
1790,25,intelligent,0,adj.聪明的，明智的,聪明的
1791,25,intelligible,0,adj.可理解的，明白易懂的，清楚的,可理解的；明白易懂的
1792,26,polish,0,v.氛光，氛亮，使完美，改进n.控亮剂，上光剂，光滑，光亮，完美，优雅,探光；探亮；改进
1793,26,point,0,v(Cat，to)指，指向;(out)指出,观点；尖；点；条款；分数；得分；指向；指出
1794,26,propel,0,vt.推进，推动，激励，驱使,推进；推动；激励；了驱使
1795,26,proper,0,adj.适合的，恰当的;合乎体统的，正当的;固有的，特有的;有礼瑶的，正派的;本身的,恰当的；正当的
1796,26,property,0,n.财产，资产，所有物，性质，特性,财产；资产；所有物；特性
1797,26,proportion,0,n.比例，部分，份额（注:书上写的是份儿，我认为应该是写错了)；均衡，相称,比例；部分；份额
1798,26,proposal,0,"nm提议,建议;求婚",建议
1799,26,propose,0,v.提议，建议，提名，推荐;（常指男子)求婚,建议
1800,26,proposition,0,n.主张，建议，陈述，命题,主张；建议
1801,26,prospect,0,n.景色，前景，前途，展望,前景；前途；展望
1802,26,prospective,0,adj.预期的，未来的，可能的,预期的；可能的
1803,26,protocol,0,n.礼仪，外交礼节;（国家之间的)条约，议定书，(数据传递的)协议，科学实验计划，医疗方案,礼仪；外交礼节；条约；协议
1804,26,proximate,0,adj.（时间、顺序等)最接近的，最邻近的,最接近的
1805,26,restore,0,Vt恢复，人和修复，康复，归还，交还;使复位,恢复；修复
1806,26,restrain,0,vv抑制，过制，(from)限制，阻止,抑制；限制
1807,26,restraint,0,n.抑制，制止,抑制
1808,26,restrict,0,v.必限制，约束,限制；约束
1809,26,attach,0,v.系，贴，连接，使成为一部分，使附属，使依附;使喜爱，使依恋;认为有（（重要性等),使依附；认为有（〔重
1810,26,attack,0,v.攻击，进攻，择击，开始，着手n.缆击;（病)发作,攻击；抒击；缆击;（病)发作
1811,26,attain,0,v.达到，获得;到达,达到；获得
1812,26,attempt,0,vt.试图n.(at)企图，努力,试图；企图
1813,26,attend,0,心照料，看管，出席，参加（会议等)；伴随（某人/某物),出席；参加
1814,26,attention,0,n.注意（力)，留心;立正,注意(力)
1815,26,attitude,0,n.(to/towards)态度，看法;姿势,态度；看法
1816,26,attribute,0,vt（to)把……归因于，把（过错的责任等)归于，(to)认为……属于n.本性，特征,(to)把……归因于；(to)认为……属于；特征
1817,26,court,0,n.法院，法庭，院子，球场vv讨好;（回女子)求爱，求婚，设法获得，企图得到，招致，酿成，导致,法庭；球场
1818,26,courtesy,0,"n,谦恭有礼，有礼的举止（或言辞，好意，恩惠",谦恭有礼；有礼的举止或)言辞
1819,26,cover,0,vv覆盖，喧蔽，包括，涉及;足以支付，够付，给……保险，走完（一段路程);占（多少面积)，n.盖子，套子，履盖物;保险【解】v.报道,遮蔽；包括；涉及；足以支付；够付；报道
1820,26,create,0,"vt.创造，创作，引起，造成,封（血)",创造；创作；引起
1821,26,creative,0,adj.有创造力的，创造（性)的，创作的,有创造力的；创造（性)的
1822,26,credit,0,n.信任，可信和性，赞扬，荣誉，功劳，信用，信贷，内购，学分vt.信任，相信;把……归于;认为…有【某种优点或成就等),信用；学分
1823,26,crisis,0,n.危机，紧要关头,危机；紧要关头
1824,26,drive,0,v.开（车)，载送（某人)驱赶，驱逐，把（钉、桩)打入,开(车)；了驱赶
1825,26,drug,0,n.药物，麻醇品，毒品v下麻药,药物；麻醉品；毒品
1826,26,export,0,vt.输出，出口nm.出口商品,输出；出口；出口商品
1827,26,expose,0,vt(to)使暴露，受到;使曝光,（to)使暴露；使曝光
1828,26,exposure,0,n.暴露，揭露，受到，面临，遭受（和危险或不快),暴露；揭露；面临；遭受（人危险或不快)
1829,26,express,0,\心表达，表示adj.特快的，快速的nm.快车，快运【解】a.明确的,表达；快运；明确的
1830,26,expression,0,n.表达，表示;语句，措词，表情,表达；措词；表情
1831,26,extend,0,v.给予，提供，放大，扩大；延长，延伸,提供；扩大；延长；延伸
1832,26,extension,0,n.延长，扩大，伸展，电话分机,延长；扩大
1833,26,extensive,0,adj.广大的，广阔的,广阔的
1834,26,extent,0,"n.长度，范围;程度,限度",范围；程度；限度
1835,26,human,0,adj.人的，人类的n.人，人类,人类的；人；人类
1836,26,humanity,0,n.人类;人性;（pl.)人文科学,人类；人性；人文科学
1837,26,humble,0,adj.地位（或身份)低下的，插贱的;谦虚的，谦逊的;低劣的，简陋的，恭顺的,谦虚的；谦逊的；简陋的
1838,26,intend,0,vt.想要，打算，企图,想要；打算
1839,26,intention,0,"n,意图，意向，目的",意图；目的
1840,26,intense,0,adj.强烈的，剧烈的，热烈的，热情的,强烈的；剧烈的
1841,26,intensity,0,n.强烈，剧烈，紧张【解】n.强度,剧烈；强度
1842,26,intensive,0,adj.加强的，集中的，深入细致的,加强的；集中的
1843,26,interact,0,vi.相互作用，相互影响,相互作用；相互影响
1844,26,intercourse,0,n.交际，往来,交际
1845,26,interest,0,n.兴趣，关心;重要性;利息;（常以)利益，利害vt.(in)使发生兴趣，引起……的注意,兴趣；利息；利益；使发生兴趣
1846,26,interior,0,adj.内部的，里面的_n.内部，内地，内陆，内景,内部的；里面的；内部
1847,26,internal,0,adj.内部的，内的;国内的，内政的,内部的；内政的
1848,26,international,0,adj.国际的，世界的,国际的
1849,26,interpret,0,vv解释，说明，口译,解释；说明
1850,26,lose,0,YY丢，委失，迷失;输，(钟表)走介,丢失；输
1851,26,loss,0,n.丢失，遗失，飞失；损失，亏损,遗失；丧失；损失；亏损
1852,26,low,0,adj.低的，逢的，离地面近的;在底部的，近底部的，低于通常（或平均)数量（或水平、价值)的，低下的;次要的;低等的，虚弱的;诅丧的，消沉的，无精打采的adv低，向下;不高，在靠近…底部的位置，向…底部，低声地，小声地n.低水平，低点;低数目;（一生或事业中的)艰难时期，低谷,低的；低于通常（或平均)数量（或；水平、价值)的；低水平；低点
1853,26,lower,0,adj.较低的，下级的，下游的v降下，放低,较低的；下级的；放低
1854,26,lucrative,0,adj.赚大钱的，获利多的,赚大钱的；获利多的
1855,26,nerve,0,n.神经，勇气，胆量,神经；勇气
1856,26,nervous,0,adj.紧张不安的，神经过敏的，神经的,紧张不安的；神经的
1857,26,nevertheless,0,conj.然而，尽管如此adv仍然，不过,尽管如此；不过
